user_id,item_id
1,"[1, 0, 0, 0, 0, 6, 0, 8, 0, 0, 0, 12, 0, 14, 0, 16, 17, 18, 0, 0]"
2,"[0, 2, 3, 0, 5, 6, 0, 0, 0, 10, 11, 0, 0, 0, 15, 0, 0, 0, 0, 20]"
3,"[0, 2, 0, 0, 0, 0, 7, 0, 0, 0, 0, 0, 0, 14, 15, 0, 0, 18, 0, 0]"
4,"[0, 2, 3, 4, 0, 6, 0, 0, 0, 0, 0, 0, 13, 14, 0, 0, 17, 0, 0, 20]"
5,"[1, 0, 0, 4, 0, 0, 0, 0, 9, 10, 11, 0, 0, 14, 15, 0, 17, 18, 0, 20]"
6,"[1, 0, 0, 0, 0, 0, 0, 0, 9, 10, 11, 0, 13, 0, 0, 0, 17, 18, 19, 0]"
7,"[1, 2, 0, 4, 0, 6, 7, 8, 9, 0, 0, 0, 13, 0, 0, 0, 17, 18, 19, 20]"
8,"[0, 2, 0, 0, 5, 0, 7, 8, 0, 0, 0, 12, 13, 0, 0, 16, 17, 0, 19, 0]"
9,"[1, 0, 3, 0, 5, 0, 7, 8, 9, 0, 0, 0, 13, 0, 15, 0, 0, 0, 0, 20]"
10,"[0, 0, 3, 4, 5, 0, 0, 8, 0, 0, 0, 12, 0, 0, 0, 0, 0, 18, 19, 20]"
11,"[0, 0, 0, 4, 0, 0, 0, 8, 9, 10, 0, 0, 0, 0, 15, 0, 0, 0, 0, 20]"
12,"[1, 0, 0, 0, 5, 0, 0, 0, 0, 0, 0, 0, 13, 0, 0, 0, 0, 18, 0, 20]"
13,"[1, 0, 3, 0, 5, 6, 0, 0, 0, 10, 0, 12, 0, 0, 15, 16, 0, 18, 19, 0]"
14,"[0, 2, 3, 4, 0, 6, 0, 8, 0, 0, 11, 0, 13, 14, 0, 0, 0, 0, 0, 0]"
15,"[1, 2, 3, 4, 5, 6, 7, 0, 0, 0, 0, 0, 0, 14, 15, 0, 17, 0, 19, 20]"
16,"[0, 0, 0, 4, 5, 6, 7, 8, 0, 10, 0, 12, 13, 14, 15, 0, 17, 0, 0, 20]"
17,"[0, 0, 3, 0, 0, 0, 0, 0, 0, 0, 0, 12, 0, 0, 15, 0, 17, 18, 19, 20]"
18,"[1, 0, 3, 0, 0, 6, 7, 8, 9, 0, 11, 12, 13, 14, 0, 16, 0, 18, 19, 0]"
19,"[0, 0, 0, 0, 0, 0, 0, 8, 9, 0, 0, 0, 13, 0, 15, 16, 0, 0, 19, 0]"
20,"[0, 2, 3, 0, 5, 6, 0, 8, 9, 0, 0, 12, 0, 14, 0, 0, 0, 0, 0, 20]"
21,"[0, 0, 0, 4, 0, 6, 7, 0, 0, 0, 0, 0, 0, 0, 0, 16, 17, 18, 0, 0]"
22,"[1, 0, 0, 0, 0, 6, 0, 8, 0, 0, 11, 0, 13, 0, 0, 16, 17, 18, 0, 0]"
23,"[0, 0, 3, 0, 0, 0, 7, 0, 0, 0, 0, 12, 13, 14, 0, 0, 0, 18, 19, 0]"
24,"[1, 0, 3, 0, 0, 6, 7, 0, 0, 10, 0, 12, 0, 14, 0, 0, 0, 18, 19, 20]"
25,"[0, 2, 0, 0, 5, 0, 0, 0, 0, 0, 11, 0, 0, 14, 15, 16, 17, 18, 0, 0]"
26,"[1, 0, 0, 4, 0, 0, 0, 8, 0, 0, 0, 0, 13, 0, 15, 0, 0, 0, 0, 20]"
27,"[1, 0, 0, 0, 5, 0, 0, 0, 0, 0, 0, 0, 0, 14, 0, 16, 0, 0, 0, 0]"
28,"[0, 0, 3, 4, 0, 0, 7, 0, 0, 10, 11, 0, 0, 0, 15, 0, 0, 0, 19, 20]"
29,"[0, 2, 0, 4, 0, 6, 0, 0, 9, 10, 11, 0, 13, 0, 15, 0, 0, 18, 19, 20]"
30,"[0, 0, 0, 0, 0, 0, 7, 0, 9, 10, 11, 0, 0, 14, 0, 0, 0, 18, 0, 0]"
31,"[0, 0, 3, 0, 5, 0, 0, 8, 0, 10, 0, 0, 13, 14, 0, 16, 0, 18, 19, 0]"
32,"[0, 2, 0, 0, 0, 0, 7, 0, 9, 10, 0, 0, 0, 0, 15, 0, 17, 18, 0, 0]"
33,"[0, 2, 3, 0, 5, 0, 7, 0, 9, 0, 11, 12, 0, 0, 0, 0, 0, 0, 19, 20]"
34,"[0, 0, 0, 0, 0, 0, 7, 0, 0, 0, 0, 12, 13, 0, 0, 16, 0, 18, 0, 20]"
35,"[0, 0, 0, 0, 0, 0, 0, 0, 9, 0, 0, 0, 13, 0, 15, 0, 0, 0, 19, 20]"
36,"[0, 0, 0, 4, 0, 0, 7, 0, 9, 0, 0, 0, 0, 0, 0, 0, 17, 18, 0, 20]"
37,"[1, 0, 3, 0, 5, 0, 7, 0, 9, 0, 11, 12, 0, 14, 15, 16, 17, 18, 0, 0]"
38,"[0, 0, 3, 4, 0, 6, 0, 0, 9, 0, 0, 0, 0, 0, 15, 0, 17, 18, 0, 0]"
39,"[1, 0, 0, 0, 5, 0, 7, 8, 9, 0, 11, 0, 0, 0, 0, 16, 17, 18, 0, 0]"
40,"[1, 2, 3, 0, 0, 0, 0, 0, 0, 0, 11, 12, 0, 14, 0, 16, 0, 18, 19, 20]"
41,"[0, 0, 3, 4, 0, 6, 0, 0, 0, 10, 11, 0, 13, 14, 0, 16, 17, 0, 0, 20]"
42,"[0, 2, 0, 0, 0, 0, 0, 8, 9, 0, 0, 0, 0, 0, 0, 0, 17, 0, 0, 20]"
43,"[0, 2, 0, 4, 0, 0, 0, 0, 9, 10, 11, 0, 0, 14, 15, 16, 0, 0, 0, 0]"
44,"[1, 0, 0, 4, 0, 0, 0, 8, 9, 0, 11, 0, 0, 14, 0, 0, 0, 0, 0, 20]"
45,"[0, 0, 0, 4, 5, 6, 7, 8, 0, 0, 0, 0, 13, 0, 15, 16, 0, 18, 19, 20]"
46,"[0, 0, 0, 0, 0, 0, 7, 0, 9, 0, 11, 12, 0, 14, 0, 16, 0, 0, 19, 0]"
47,"[1, 2, 3, 4, 5, 0, 0, 8, 9, 0, 0, 0, 0, 0, 0, 0, 0, 0, 0, 20]"
48,"[0, 0, 0, 0, 5, 6, 7, 0, 0, 0, 0, 12, 0, 0, 0, 0, 17, 0, 0, 20]"
49,"[1, 2, 3, 0, 0, 0, 7, 8, 0, 0, 11, 0, 13, 0, 15, 0, 17, 0, 0, 0]"
50,"[0, 0, 0, 0, 5, 6, 0, 8, 0, 10, 11, 0, 13, 0, 15, 0, 17, 0, 0, 0]"
51,"[0, 2, 0, 4, 5, 6, 0, 0, 0, 0, 11, 0, 0, 14, 15, 0, 0, 0, 0, 20]"
52,"[0, 0, 0, 0, 0, 0, 0, 8, 0, 10, 11, 12, 0, 0, 15, 16, 0, 0, 0, 0]"
53,"[0, 2, 0, 4, 0, 0, 0, 0, 9, 0, 11, 0, 13, 0, 0, 0, 0, 0, 0, 20]"
54,"[0, 0, 0, 4, 0, 0, 0, 0, 9, 10, 0, 0, 13, 0, 15, 0, 17, 18, 19, 20]"
55,"[1, 2, 0, 4, 0, 0, 0, 0, 9, 0, 0, 0, 0, 14, 15, 16, 0, 18, 0, 0]"
56,"[1, 0, 0, 0, 0, 0, 0, 0, 0, 0, 0, 0, 0, 0, 15, 0, 0, 0, 19, 20]"
57,"[0, 2, 3, 0, 0, 0, 0, 0, 0, 10, 11, 0, 13, 0, 0, 0, 0, 0, 19, 0]"
58,"[0, 0, 3, 0, 0, 0, 7, 8, 0, 0, 0, 12, 0, 0, 15, 0, 0, 0, 0, 20]"
59,"[0, 0, 3, 4, 5, 6, 0, 0, 9, 10, 11, 12, 0, 0, 0, 0, 17, 0, 19, 0]"
60,"[1, 0, 3, 0, 0, 0, 0, 0, 0, 10, 0, 0, 13, 14, 0, 16, 17, 18, 0, 0]"
61,"[0, 2, 0, 4, 5, 0, 0, 0, 9, 0, 0, 0, 0, 14, 15, 0, 17, 0, 19, 0]"
62,"[0, 0, 3, 0, 0, 6, 7, 8, 0, 10, 0, 12, 0, 0, 15, 16, 0, 0, 0, 0]"
63,"[1, 0, 3, 4, 5, 0, 7, 8, 9, 0, 0, 0, 0, 0, 15, 0, 0, 18, 0, 0]"
64,"[0, 0, 3, 0, 0, 0, 0, 0, 0, 0, 11, 0, 13, 14, 15, 0, 17, 18, 0, 20]"
65,"[0, 2, 3, 0, 0, 0, 0, 0, 9, 10, 0, 0, 0, 14, 0, 0, 17, 0, 0, 0]"
66,"[1, 2, 0, 4, 0, 0, 7, 0, 9, 10, 0, 0, 0, 0, 0, 0, 0, 18, 0, 20]"
67,"[0, 2, 3, 4, 0, 0, 7, 0, 9, 0, 0, 0, 0, 0, 0, 0, 17, 0, 0, 0]"
68,"[0, 0, 0, 4, 5, 0, 7, 8, 0, 0, 0, 0, 0, 0, 15, 0, 17, 18, 19, 20]"
69,"[0, 2, 0, 0, 0, 6, 0, 0, 9, 0, 0, 0, 13, 0, 0, 0, 17, 0, 0, 20]"
70,"[1, 0, 0, 0, 0, 0, 7, 8, 0, 0, 11, 0, 13, 0, 0, 0, 17, 0, 19, 0]"
71,"[0, 0, 0, 0, 5, 0, 0, 8, 9, 10, 0, 0, 0, 0, 0, 16, 17, 18, 0, 20]"
72,"[0, 0, 0, 0, 0, 0, 7, 0, 0, 0, 0, 12, 0, 0, 15, 16, 0, 0, 19, 0]"
73,"[1, 2, 0, 0, 0, 0, 0, 8, 9, 10, 11, 0, 0, 0, 0, 0, 0, 18, 19, 0]"
74,"[0, 2, 0, 4, 0, 6, 0, 8, 9, 10, 11, 0, 0, 14, 0, 0, 17, 18, 0, 0]"
75,"[1, 0, 3, 0, 0, 0, 0, 0, 0, 0, 11, 12, 13, 0, 15, 16, 17, 0, 0, 20]"
76,"[0, 0, 0, 0, 0, 0, 7, 0, 0, 0, 11, 12, 0, 0, 0, 16, 17, 0, 19, 0]"
77,"[1, 0, 0, 0, 0, 6, 0, 0, 9, 10, 0, 0, 13, 0, 0, 0, 0, 0, 0, 20]"
78,"[0, 0, 0, 0, 5, 6, 0, 0, 0, 0, 0, 12, 0, 14, 0, 0, 17, 0, 0, 20]"
79,"[1, 2, 0, 4, 0, 0, 0, 0, 0, 0, 0, 12, 13, 0, 15, 0, 0, 18, 19, 0]"
80,"[0, 0, 0, 4, 5, 0, 0, 0, 9, 0, 0, 0, 0, 0, 0, 16, 0, 18, 19, 0]"
81,"[1, 0, 3, 0, 5, 6, 0, 8, 0, 0, 0, 12, 0, 0, 0, 16, 0, 18, 19, 20]"
82,"[0, 0, 3, 0, 5, 0, 0, 0, 0, 10, 0, 0, 13, 0, 0, 0, 17, 0, 0, 20]"
83,"[0, 2, 3, 0, 5, 0, 0, 8, 9, 0, 11, 0, 13, 0, 0, 0, 0, 0, 0, 0]"
84,"[0, 2, 0, 4, 0, 0, 0, 8, 0, 0, 0, 12, 0, 0, 0, 0, 0, 18, 0, 0]"
85,"[1, 0, 3, 0, 0, 6, 0, 0, 0, 10, 0, 0, 13, 0, 15, 0, 17, 18, 0, 20]"
86,"[1, 0, 0, 4, 0, 6, 0, 8, 9, 0, 0, 12, 13, 14, 15, 0, 0, 0, 0, 20]"
87,"[0, 0, 0, 4, 0, 0, 0, 0, 0, 10, 0, 0, 13, 0, 0, 0, 0, 18, 19, 20]"
88,"[1, 2, 0, 0, 5, 0, 0, 0, 0, 0, 0, 0, 13, 14, 15, 16, 0, 0, 0, 0]"
89,"[1, 2, 0, 4, 5, 0, 7, 8, 0, 10, 11, 12, 13, 0, 15, 0, 0, 0, 0, 0]"
90,"[0, 2, 3, 0, 0, 0, 0, 0, 9, 0, 11, 12, 0, 14, 0, 16, 0, 0, 19, 20]"
91,"[0, 0, 0, 0, 0, 0, 7, 0, 0, 0, 0, 0, 0, 0, 0, 16, 0, 18, 19, 0]"
92,"[1, 0, 0, 4, 5, 6, 7, 0, 9, 10, 11, 0, 0, 0, 15, 16, 0, 0, 0, 0]"
93,"[0, 2, 0, 0, 5, 0, 0, 0, 0, 0, 0, 12, 13, 14, 0, 16, 17, 0, 0, 20]"
94,"[0, 0, 0, 4, 0, 0, 7, 0, 9, 10, 0, 0, 13, 14, 0, 0, 0, 0, 0, 0]"
95,"[1, 0, 0, 4, 5, 6, 7, 0, 0, 0, 0, 12, 0, 14, 15, 16, 17, 18, 19, 0]"
96,"[0, 2, 0, 0, 0, 0, 7, 0, 0, 10, 11, 0, 13, 0, 0, 0, 0, 0, 0, 0]"
97,"[1, 0, 3, 4, 0, 6, 7, 0, 9, 0, 0, 0, 0, 0, 0, 16, 0, 0, 0, 20]"
98,"[1, 0, 0, 4, 0, 0, 0, 0, 9, 10, 0, 0, 0, 0, 0, 16, 17, 0, 0, 20]"
99,"[0, 2, 0, 4, 0, 0, 7, 0, 9, 10, 0, 0, 0, 14, 15, 0, 0, 0, 0, 0]"
100,"[1, 0, 3, 0, 5, 0, 0, 8, 9, 0, 0, 0, 13, 14, 0, 16, 17, 0, 19, 0]"
101,"[0, 2, 0, 0, 0, 0, 0, 8, 0, 0, 0, 12, 13, 0, 15, 16, 17, 18, 0, 0]"
102,"[1, 0, 0, 0, 0, 0, 7, 8, 9, 0, 0, 0, 13, 14, 0, 16, 17, 0, 0, 20]"
103,"[0, 0, 3, 4, 0, 0, 0, 0, 0, 0, 0, 12, 0, 0, 15, 0, 0, 18, 19, 0]"
104,"[1, 0, 0, 0, 0, 0, 0, 0, 0, 0, 0, 12, 13, 14, 0, 16, 17, 18, 0, 0]"
105,"[1, 2, 0, 0, 0, 0, 0, 8, 9, 10, 0, 12, 0, 14, 0, 0, 0, 18, 19, 20]"
106,"[0, 2, 0, 4, 5, 6, 7, 0, 9, 0, 0, 0, 13, 0, 15, 16, 17, 18, 0, 0]"
107,"[0, 2, 0, 4, 0, 0, 0, 0, 0, 0, 0, 12, 0, 0, 15, 0, 0, 0, 19, 0]"
108,"[0, 2, 0, 0, 5, 0, 0, 0, 9, 0, 11, 12, 0, 14, 15, 0, 17, 18, 19, 0]"
109,"[1, 0, 0, 0, 5, 6, 7, 0, 0, 0, 11, 0, 13, 14, 0, 16, 17, 18, 0, 20]"
110,"[0, 2, 0, 4, 0, 0, 0, 0, 0, 10, 0, 0, 13, 0, 0, 16, 0, 0, 19, 0]"
111,"[0, 2, 3, 0, 5, 0, 7, 8, 0, 0, 11, 0, 0, 0, 15, 0, 0, 0, 19, 20]"
112,"[1, 0, 3, 0, 0, 0, 7, 0, 9, 0, 0, 0, 0, 0, 0, 0, 17, 0, 19, 0]"
113,"[1, 2, 0, 0, 0, 6, 0, 8, 0, 0, 11, 0, 0, 14, 0, 0, 17, 18, 0, 20]"
114,"[0, 2, 3, 0, 0, 6, 7, 8, 9, 0, 0, 0, 13, 0, 15, 0, 0, 18, 19, 20]"
115,"[0, 0, 3, 0, 0, 0, 0, 8, 0, 10, 0, 12, 13, 0, 0, 16, 0, 0, 19, 20]"
116,"[0, 0, 3, 0, 0, 0, 7, 8, 0, 0, 0, 12, 0, 0, 0, 16, 0, 0, 0, 0]"
117,"[0, 0, 3, 4, 0, 6, 0, 0, 9, 0, 11, 0, 13, 0, 0, 0, 17, 0, 0, 20]"
118,"[0, 2, 0, 0, 0, 0, 0, 0, 9, 10, 0, 12, 13, 14, 15, 0, 0, 0, 19, 20]"
119,"[1, 0, 3, 4, 0, 6, 0, 0, 0, 10, 11, 12, 0, 0, 15, 0, 0, 0, 19, 0]"
120,"[0, 0, 0, 0, 5, 6, 0, 0, 0, 0, 0, 12, 0, 14, 0, 0, 0, 18, 19, 20]"
121,"[1, 0, 3, 0, 0, 0, 0, 0, 0, 0, 0, 0, 0, 0, 0, 0, 17, 18, 19, 0]"
122,"[1, 0, 0, 4, 0, 0, 0, 8, 9, 10, 0, 0, 0, 0, 15, 0, 17, 0, 0, 0]"
123,"[1, 0, 3, 0, 5, 6, 7, 0, 0, 10, 0, 12, 0, 0, 15, 16, 17, 18, 19, 0]"
124,"[1, 0, 3, 0, 0, 6, 0, 8, 0, 0, 0, 0, 13, 0, 0, 0, 17, 0, 0, 20]"
125,"[1, 2, 0, 0, 5, 0, 0, 0, 0, 0, 11, 0, 13, 0, 15, 0, 0, 0, 0, 20]"
126,"[1, 0, 0, 4, 5, 0, 0, 8, 0, 0, 11, 0, 13, 14, 0, 16, 0, 0, 0, 0]"
127,"[0, 2, 3, 4, 0, 0, 0, 0, 0, 10, 0, 0, 0, 0, 15, 0, 0, 0, 0, 0]"
128,"[1, 0, 0, 4, 0, 0, 7, 0, 9, 0, 0, 0, 0, 0, 15, 16, 17, 0, 0, 20]"
129,"[0, 0, 3, 0, 0, 0, 0, 0, 0, 10, 11, 12, 0, 0, 15, 0, 17, 0, 19, 20]"
130,"[0, 0, 0, 0, 0, 0, 0, 0, 0, 0, 0, 0, 13, 0, 15, 16, 17, 18, 19, 20]"
131,"[0, 0, 0, 4, 5, 6, 7, 8, 0, 0, 0, 0, 13, 14, 15, 0, 17, 0, 19, 20]"
132,"[1, 0, 0, 0, 5, 6, 7, 8, 9, 10, 0, 0, 0, 0, 0, 0, 17, 18, 0, 20]"
133,"[0, 0, 0, 4, 5, 6, 0, 8, 9, 0, 11, 0, 0, 0, 15, 0, 0, 18, 19, 20]"
134,"[0, 2, 3, 4, 5, 0, 0, 8, 0, 10, 0, 0, 13, 14, 15, 0, 17, 18, 0, 20]"
135,"[0, 0, 3, 0, 5, 6, 0, 8, 9, 10, 11, 0, 0, 0, 0, 0, 0, 18, 0, 0]"
136,"[1, 2, 0, 4, 5, 6, 7, 0, 9, 10, 0, 12, 13, 14, 15, 16, 0, 0, 0, 20]"
137,"[0, 2, 0, 0, 0, 6, 0, 8, 0, 0, 0, 12, 0, 0, 0, 0, 0, 0, 0, 0]"
138,"[1, 0, 0, 4, 5, 0, 0, 8, 0, 0, 0, 0, 0, 0, 0, 16, 17, 18, 0, 0]"
139,"[1, 0, 0, 0, 0, 0, 7, 0, 9, 10, 0, 0, 13, 14, 0, 16, 0, 18, 19, 20]"
140,"[0, 2, 0, 4, 0, 6, 0, 0, 0, 10, 11, 0, 0, 14, 0, 0, 0, 18, 0, 0]"
141,"[1, 2, 0, 0, 0, 6, 0, 8, 0, 0, 0, 0, 0, 0, 0, 0, 0, 0, 19, 0]"
142,"[0, 0, 3, 0, 0, 0, 7, 0, 9, 0, 0, 0, 13, 14, 0, 16, 0, 0, 0, 0]"
143,"[0, 2, 0, 0, 5, 0, 7, 0, 9, 0, 0, 0, 0, 14, 15, 16, 17, 18, 0, 20]"
144,"[1, 0, 3, 0, 0, 0, 0, 0, 0, 10, 11, 0, 0, 0, 15, 16, 0, 18, 19, 0]"
145,"[0, 0, 0, 4, 5, 0, 0, 0, 0, 0, 11, 12, 13, 14, 0, 0, 0, 0, 0, 0]"
146,"[0, 0, 0, 4, 5, 0, 0, 0, 0, 10, 11, 0, 0, 0, 15, 16, 0, 0, 0, 20]"
147,"[0, 2, 0, 0, 5, 0, 0, 8, 0, 10, 11, 0, 0, 0, 15, 0, 0, 0, 19, 0]"
148,"[0, 0, 3, 0, 0, 0, 7, 0, 9, 0, 0, 0, 0, 14, 0, 0, 0, 0, 0, 20]"
149,"[1, 2, 3, 0, 5, 0, 0, 0, 9, 0, 0, 0, 13, 0, 0, 0, 17, 0, 19, 0]"
150,"[0, 0, 0, 4, 5, 6, 7, 0, 0, 10, 11, 0, 13, 0, 0, 0, 17, 18, 0, 0]"
151,"[0, 2, 3, 0, 5, 6, 0, 0, 0, 10, 0, 12, 0, 0, 15, 16, 17, 0, 0, 20]"
152,"[0, 0, 3, 4, 5, 0, 7, 0, 0, 10, 0, 0, 13, 14, 15, 16, 0, 18, 0, 20]"
153,"[0, 0, 3, 0, 0, 0, 0, 0, 9, 0, 0, 12, 13, 14, 15, 16, 17, 0, 19, 0]"
154,"[1, 0, 0, 0, 0, 0, 0, 0, 0, 10, 0, 12, 13, 14, 0, 0, 0, 0, 0, 0]"
155,"[0, 2, 0, 4, 0, 6, 7, 0, 9, 0, 0, 0, 0, 0, 0, 16, 0, 0, 19, 0]"
156,"[1, 2, 0, 0, 5, 6, 0, 8, 0, 10, 0, 0, 13, 0, 0, 0, 0, 0, 19, 20]"
157,"[1, 2, 0, 4, 0, 0, 7, 0, 0, 0, 11, 0, 0, 0, 0, 0, 17, 18, 0, 0]"
158,"[0, 2, 0, 0, 0, 0, 7, 8, 9, 10, 0, 0, 0, 0, 15, 0, 0, 0, 19, 20]"
159,"[0, 2, 3, 0, 5, 0, 7, 0, 9, 10, 11, 0, 13, 14, 0, 16, 0, 0, 19, 20]"
160,"[1, 2, 0, 0, 0, 6, 7, 0, 0, 0, 0, 0, 0, 0, 0, 0, 17, 0, 0, 0]"
161,"[0, 0, 0, 4, 0, 0, 7, 8, 0, 0, 0, 12, 13, 14, 0, 0, 0, 18, 0, 0]"
162,"[0, 0, 0, 0, 0, 6, 7, 0, 0, 0, 11, 0, 0, 0, 0, 16, 0, 18, 19, 0]"
163,"[1, 0, 3, 0, 0, 6, 7, 0, 9, 0, 11, 0, 13, 14, 0, 16, 0, 0, 19, 0]"
164,"[1, 0, 3, 4, 5, 6, 0, 0, 0, 0, 11, 0, 0, 0, 15, 0, 17, 18, 0, 0]"
165,"[0, 0, 0, 4, 0, 0, 0, 0, 9, 0, 11, 12, 13, 14, 0, 0, 17, 18, 0, 20]"
166,"[0, 0, 3, 4, 5, 0, 0, 0, 0, 0, 0, 12, 0, 0, 15, 16, 0, 18, 0, 20]"
167,"[0, 2, 0, 0, 5, 0, 0, 0, 9, 0, 11, 12, 0, 14, 0, 0, 0, 18, 0, 20]"
168,"[0, 0, 0, 0, 5, 6, 0, 0, 9, 0, 0, 12, 0, 14, 0, 0, 0, 0, 0, 0]"
169,"[0, 2, 3, 4, 0, 0, 0, 8, 0, 10, 0, 0, 13, 0, 0, 0, 17, 18, 0, 0]"
170,"[0, 0, 0, 4, 5, 6, 7, 0, 0, 0, 0, 12, 0, 14, 0, 0, 0, 18, 19, 0]"
171,"[0, 0, 0, 0, 0, 6, 0, 8, 9, 0, 11, 12, 0, 0, 0, 16, 17, 18, 0, 20]"
172,"[1, 0, 0, 4, 0, 0, 7, 0, 0, 0, 11, 0, 13, 0, 15, 16, 17, 18, 19, 0]"
173,"[0, 2, 0, 4, 5, 0, 0, 0, 0, 0, 0, 0, 0, 0, 15, 0, 17, 0, 19, 0]"
174,"[0, 2, 3, 4, 5, 6, 0, 0, 0, 10, 11, 0, 13, 14, 15, 0, 0, 18, 0, 20]"
175,"[0, 0, 0, 0, 0, 6, 0, 0, 0, 10, 11, 12, 0, 14, 15, 0, 0, 18, 0, 0]"
176,"[0, 0, 3, 0, 0, 6, 0, 8, 9, 0, 0, 12, 0, 14, 15, 16, 0, 18, 0, 20]"
177,"[1, 2, 3, 0, 0, 6, 0, 0, 0, 0, 11, 0, 13, 0, 0, 16, 0, 18, 0, 20]"
178,"[0, 2, 3, 4, 0, 0, 7, 0, 9, 10, 0, 0, 0, 14, 0, 0, 17, 18, 0, 20]"
179,"[0, 0, 3, 0, 0, 6, 0, 8, 0, 10, 0, 12, 0, 0, 15, 0, 17, 18, 0, 0]"
180,"[1, 2, 0, 4, 0, 6, 7, 0, 0, 0, 11, 0, 13, 0, 15, 0, 0, 0, 0, 20]"
181,"[0, 2, 0, 0, 0, 6, 0, 0, 0, 0, 0, 0, 0, 14, 0, 0, 17, 0, 19, 0]"
182,"[0, 2, 0, 0, 0, 0, 0, 0, 0, 10, 0, 0, 0, 0, 0, 0, 0, 0, 0, 0]"
183,"[0, 2, 0, 4, 0, 0, 7, 8, 9, 10, 0, 0, 0, 0, 0, 0, 0, 0, 0, 0]"
184,"[1, 0, 0, 0, 5, 0, 7, 0, 0, 10, 0, 12, 13, 0, 0, 16, 0, 0, 19, 0]"
185,"[1, 2, 0, 0, 0, 6, 0, 0, 9, 0, 11, 0, 13, 0, 15, 0, 0, 0, 0, 0]"
186,"[1, 2, 3, 0, 0, 0, 7, 0, 9, 0, 11, 0, 13, 0, 0, 0, 17, 0, 0, 0]"
187,"[1, 0, 3, 0, 0, 6, 0, 0, 0, 10, 0, 0, 0, 14, 15, 16, 0, 0, 19, 20]"
188,"[0, 0, 3, 0, 0, 6, 0, 8, 0, 10, 0, 12, 0, 0, 15, 0, 17, 18, 0, 0]"
189,"[0, 0, 3, 4, 5, 0, 0, 0, 0, 0, 0, 0, 0, 0, 0, 0, 17, 18, 19, 0]"
190,"[1, 2, 0, 4, 0, 0, 0, 0, 0, 10, 0, 0, 0, 0, 15, 16, 17, 18, 0, 0]"
191,"[0, 0, 3, 4, 0, 6, 7, 0, 0, 10, 0, 0, 0, 14, 0, 0, 0, 18, 0, 0]"
192,"[1, 0, 0, 0, 5, 6, 0, 0, 0, 0, 0, 12, 0, 0, 0, 0, 17, 18, 19, 0]"
193,"[1, 0, 3, 0, 0, 0, 7, 0, 0, 0, 0, 12, 0, 0, 0, 0, 0, 0, 0, 20]"
194,"[0, 0, 0, 0, 0, 0, 0, 0, 0, 0, 0, 12, 0, 14, 15, 16, 17, 18, 19, 20]"
195,"[0, 2, 3, 0, 0, 6, 0, 0, 9, 0, 0, 0, 0, 0, 15, 16, 17, 0, 0, 0]"
196,"[1, 0, 3, 0, 5, 0, 0, 0, 0, 10, 11, 0, 13, 0, 15, 16, 17, 0, 0, 20]"
197,"[1, 0, 3, 4, 5, 0, 0, 0, 9, 0, 11, 12, 0, 0, 0, 0, 0, 0, 0, 0]"
198,"[1, 0, 3, 4, 5, 6, 0, 0, 0, 0, 0, 12, 0, 0, 0, 0, 17, 0, 0, 20]"
199,"[0, 0, 3, 0, 5, 6, 0, 0, 0, 10, 0, 0, 13, 0, 0, 16, 0, 0, 0, 20]"
200,"[0, 2, 0, 0, 5, 0, 0, 0, 0, 10, 0, 12, 0, 0, 0, 0, 0, 18, 19, 0]"
201,"[1, 2, 3, 0, 0, 0, 0, 8, 9, 0, 0, 0, 13, 14, 15, 0, 0, 0, 0, 0]"
202,"[1, 2, 0, 0, 5, 6, 0, 8, 0, 0, 0, 0, 0, 0, 15, 16, 0, 0, 0, 0]"
203,"[0, 2, 0, 4, 0, 0, 7, 8, 9, 0, 0, 0, 0, 14, 0, 0, 0, 0, 0, 20]"
204,"[0, 2, 0, 0, 0, 6, 7, 8, 9, 10, 11, 0, 0, 0, 15, 16, 17, 18, 19, 0]"
205,"[1, 2, 3, 0, 0, 0, 0, 8, 0, 10, 0, 0, 0, 0, 0, 0, 17, 0, 0, 0]"
206,"[0, 2, 3, 0, 0, 0, 0, 8, 0, 0, 11, 12, 13, 14, 15, 0, 0, 0, 19, 0]"
207,"[0, 0, 0, 4, 0, 0, 7, 0, 0, 10, 11, 0, 13, 0, 15, 16, 17, 0, 0, 20]"
208,"[0, 2, 0, 0, 5, 0, 0, 0, 9, 10, 0, 0, 13, 14, 15, 16, 0, 0, 0, 20]"
209,"[1, 0, 3, 0, 5, 6, 7, 8, 9, 0, 0, 0, 13, 14, 0, 0, 0, 0, 19, 20]"
210,"[0, 0, 3, 0, 5, 0, 0, 8, 9, 0, 11, 0, 13, 0, 0, 0, 17, 18, 0, 0]"
211,"[1, 0, 3, 0, 0, 0, 0, 8, 0, 10, 0, 0, 13, 14, 15, 16, 0, 0, 19, 20]"
212,"[0, 0, 0, 0, 0, 6, 7, 8, 0, 0, 11, 12, 0, 0, 15, 16, 0, 0, 19, 0]"
213,"[0, 0, 3, 4, 0, 0, 0, 8, 0, 0, 11, 12, 0, 0, 0, 0, 0, 0, 0, 20]"
214,"[0, 0, 3, 0, 5, 0, 0, 8, 0, 0, 11, 12, 0, 0, 15, 0, 0, 0, 0, 0]"
215,"[1, 0, 3, 0, 5, 0, 0, 0, 9, 0, 0, 0, 13, 0, 15, 0, 0, 18, 19, 20]"
216,"[1, 0, 0, 4, 0, 6, 7, 0, 0, 10, 11, 0, 0, 0, 15, 0, 17, 0, 19, 20]"
217,"[0, 2, 3, 0, 0, 0, 7, 8, 0, 0, 11, 12, 13, 14, 0, 0, 17, 18, 0, 0]"
218,"[0, 2, 0, 0, 0, 0, 0, 0, 9, 0, 11, 0, 0, 14, 0, 0, 0, 18, 0, 20]"
219,"[1, 0, 0, 4, 0, 0, 0, 8, 0, 0, 11, 0, 0, 0, 0, 16, 0, 18, 0, 0]"
220,"[0, 0, 0, 4, 5, 0, 7, 8, 0, 0, 11, 0, 0, 0, 0, 0, 0, 18, 0, 0]"
221,"[0, 2, 0, 0, 5, 6, 0, 8, 9, 0, 0, 0, 0, 14, 0, 0, 0, 0, 0, 0]"
222,"[1, 2, 3, 4, 0, 0, 0, 8, 9, 0, 11, 0, 0, 14, 0, 0, 0, 18, 19, 0]"
223,"[0, 0, 3, 4, 0, 0, 0, 0, 9, 0, 0, 0, 13, 14, 0, 16, 0, 18, 19, 0]"
224,"[0, 0, 3, 4, 5, 6, 7, 8, 0, 0, 11, 0, 0, 14, 15, 16, 17, 18, 0, 20]"
225,"[0, 0, 3, 4, 0, 0, 0, 0, 9, 10, 0, 12, 0, 0, 0, 0, 17, 0, 19, 0]"
226,"[0, 0, 0, 4, 0, 6, 0, 0, 0, 0, 11, 0, 13, 14, 0, 0, 0, 18, 0, 20]"
227,"[1, 0, 3, 4, 0, 0, 0, 0, 9, 0, 0, 0, 13, 0, 0, 16, 17, 18, 0, 0]"
228,"[0, 0, 0, 4, 5, 6, 0, 0, 0, 0, 0, 0, 13, 0, 0, 0, 0, 18, 0, 20]"
229,"[1, 2, 3, 0, 5, 0, 0, 0, 9, 0, 11, 0, 0, 0, 0, 0, 0, 0, 19, 20]"
230,"[1, 2, 3, 4, 0, 6, 0, 0, 0, 0, 0, 0, 0, 0, 0, 0, 0, 0, 0, 0]"
231,"[1, 0, 0, 4, 0, 0, 7, 0, 0, 0, 0, 12, 0, 14, 0, 0, 0, 0, 19, 0]"
232,"[0, 2, 3, 0, 5, 0, 0, 8, 0, 10, 11, 0, 13, 14, 0, 0, 17, 18, 19, 0]"
233,"[1, 0, 3, 0, 0, 0, 0, 0, 0, 0, 0, 12, 0, 0, 0, 16, 17, 0, 19, 0]"
234,"[0, 2, 3, 4, 0, 6, 7, 0, 0, 0, 0, 0, 0, 14, 15, 0, 0, 0, 0, 20]"
235,"[1, 2, 3, 0, 0, 0, 0, 0, 9, 0, 0, 12, 0, 14, 0, 0, 0, 0, 0, 0]"
236,"[1, 0, 3, 4, 5, 0, 7, 0, 0, 10, 0, 0, 0, 14, 15, 16, 0, 18, 0, 0]"
237,"[1, 0, 3, 0, 5, 0, 0, 0, 0, 10, 0, 0, 0, 0, 0, 0, 17, 0, 0, 20]"
238,"[0, 2, 0, 0, 0, 0, 0, 0, 0, 10, 0, 0, 0, 0, 15, 0, 0, 18, 0, 20]"
239,"[0, 0, 3, 4, 0, 6, 7, 0, 9, 0, 0, 0, 0, 0, 15, 0, 0, 0, 19, 0]"
240,"[0, 0, 3, 4, 0, 6, 7, 0, 0, 10, 0, 0, 13, 0, 15, 0, 0, 0, 19, 0]"
241,"[1, 2, 0, 0, 0, 0, 7, 8, 9, 0, 0, 0, 0, 14, 0, 16, 17, 18, 0, 20]"
242,"[1, 2, 0, 0, 0, 0, 7, 8, 9, 10, 0, 12, 0, 14, 0, 0, 0, 0, 19, 20]"
243,"[0, 2, 0, 0, 5, 0, 7, 0, 9, 0, 11, 12, 13, 0, 0, 16, 17, 18, 0, 0]"
244,"[0, 2, 0, 0, 0, 0, 7, 8, 0, 10, 0, 0, 0, 0, 0, 0, 17, 18, 19, 0]"
245,"[0, 2, 3, 4, 5, 0, 7, 8, 0, 0, 11, 0, 13, 14, 0, 0, 0, 0, 0, 0]"
246,"[0, 0, 3, 0, 0, 0, 7, 8, 9, 0, 11, 0, 13, 0, 15, 16, 0, 0, 0, 0]"
247,"[1, 2, 3, 0, 5, 0, 7, 0, 0, 0, 11, 0, 0, 0, 0, 0, 17, 0, 0, 20]"
248,"[1, 0, 0, 4, 5, 0, 7, 0, 9, 0, 11, 12, 13, 0, 0, 16, 0, 18, 19, 20]"
249,"[1, 2, 0, 0, 5, 0, 0, 8, 9, 0, 0, 0, 0, 0, 15, 16, 17, 0, 0, 0]"
250,"[1, 0, 0, 0, 0, 6, 7, 0, 9, 10, 11, 12, 0, 0, 15, 0, 17, 0, 0, 20]"
251,"[0, 0, 3, 4, 5, 0, 7, 8, 0, 0, 11, 0, 0, 14, 0, 0, 0, 18, 0, 20]"
252,"[0, 0, 0, 4, 0, 6, 7, 0, 9, 0, 0, 0, 0, 0, 0, 16, 0, 18, 19, 20]"
253,"[0, 0, 0, 0, 5, 6, 7, 0, 9, 0, 0, 12, 13, 0, 0, 16, 0, 0, 0, 0]"
254,"[0, 0, 0, 0, 0, 0, 0, 0, 9, 0, 0, 0, 0, 14, 0, 0, 17, 0, 19, 0]"
255,"[0, 0, 0, 4, 0, 0, 7, 0, 9, 0, 0, 0, 13, 0, 15, 16, 17, 0, 19, 0]"
256,"[1, 2, 3, 0, 5, 6, 0, 8, 0, 10, 0, 12, 13, 14, 15, 0, 0, 0, 0, 0]"
257,"[0, 2, 3, 0, 5, 6, 0, 8, 0, 0, 11, 12, 0, 0, 0, 16, 17, 0, 0, 20]"
258,"[0, 0, 0, 0, 0, 6, 0, 8, 0, 10, 11, 0, 0, 0, 0, 16, 17, 18, 0, 0]"
259,"[1, 2, 0, 4, 0, 0, 0, 8, 0, 0, 0, 12, 0, 0, 0, 16, 0, 0, 0, 0]"
260,"[0, 0, 3, 0, 0, 0, 7, 0, 0, 0, 0, 12, 13, 0, 0, 0, 17, 18, 0, 0]"
261,"[1, 2, 0, 0, 5, 0, 7, 0, 0, 0, 0, 0, 0, 14, 0, 0, 17, 18, 0, 20]"
262,"[1, 2, 3, 0, 0, 0, 7, 8, 9, 0, 0, 0, 13, 14, 0, 0, 17, 18, 19, 0]"
263,"[1, 0, 3, 4, 0, 6, 7, 0, 9, 10, 0, 0, 13, 14, 15, 0, 0, 0, 0, 0]"
264,"[1, 0, 3, 0, 0, 0, 7, 8, 0, 0, 0, 0, 0, 14, 0, 0, 17, 0, 0, 20]"
265,"[0, 2, 0, 0, 0, 0, 0, 8, 0, 0, 11, 12, 0, 0, 0, 16, 17, 0, 0, 20]"
266,"[0, 2, 0, 0, 0, 0, 0, 0, 9, 0, 11, 0, 13, 0, 15, 0, 0, 0, 0, 20]"
267,"[0, 2, 0, 0, 5, 6, 7, 0, 0, 0, 11, 0, 0, 14, 15, 0, 0, 0, 19, 0]"
268,"[0, 0, 0, 4, 5, 0, 0, 8, 0, 0, 0, 0, 13, 14, 15, 0, 17, 0, 19, 20]"
269,"[0, 2, 3, 0, 0, 0, 0, 0, 0, 0, 11, 0, 0, 14, 15, 0, 17, 18, 19, 20]"
270,"[0, 0, 3, 0, 0, 0, 0, 8, 0, 10, 0, 0, 13, 0, 15, 16, 0, 0, 19, 0]"
271,"[0, 2, 0, 0, 0, 0, 7, 0, 0, 0, 0, 0, 0, 0, 0, 16, 17, 18, 19, 0]"
272,"[0, 2, 0, 4, 5, 0, 7, 0, 0, 0, 0, 0, 0, 0, 15, 16, 0, 0, 19, 20]"
273,"[0, 0, 0, 4, 0, 0, 0, 0, 0, 10, 11, 0, 0, 14, 0, 16, 0, 0, 0, 20]"
274,"[0, 0, 0, 0, 5, 6, 0, 8, 9, 0, 11, 0, 0, 0, 0, 16, 0, 18, 0, 0]"
275,"[1, 0, 3, 0, 5, 0, 0, 8, 0, 10, 11, 0, 0, 0, 15, 16, 17, 0, 0, 0]"
276,"[1, 2, 0, 4, 5, 6, 7, 0, 0, 0, 0, 12, 13, 14, 0, 16, 0, 18, 19, 20]"
277,"[1, 0, 0, 0, 5, 6, 7, 8, 0, 0, 11, 0, 13, 14, 0, 0, 0, 0, 19, 20]"
278,"[0, 2, 3, 4, 5, 0, 7, 0, 0, 0, 0, 12, 0, 14, 15, 0, 0, 18, 0, 0]"
279,"[0, 2, 3, 4, 5, 6, 0, 8, 9, 10, 0, 0, 13, 0, 0, 0, 17, 18, 19, 0]"
280,"[0, 2, 0, 0, 0, 0, 7, 0, 0, 0, 0, 0, 0, 0, 0, 16, 0, 0, 0, 20]"
281,"[0, 0, 0, 4, 5, 0, 0, 0, 9, 10, 11, 0, 0, 0, 15, 16, 0, 0, 19, 20]"
282,"[1, 0, 0, 0, 0, 0, 0, 8, 9, 10, 0, 0, 13, 0, 15, 16, 0, 0, 0, 20]"
283,"[0, 0, 0, 4, 0, 6, 7, 8, 0, 0, 0, 0, 0, 14, 0, 16, 17, 0, 0, 0]"
284,"[0, 0, 0, 0, 5, 6, 0, 0, 0, 10, 0, 0, 0, 14, 15, 0, 0, 18, 0, 0]"
285,"[1, 0, 0, 0, 5, 0, 7, 0, 9, 10, 0, 0, 0, 0, 15, 0, 0, 0, 0, 20]"
286,"[0, 2, 0, 4, 0, 0, 7, 0, 0, 10, 0, 0, 0, 14, 0, 0, 0, 18, 0, 0]"
287,"[1, 0, 3, 0, 0, 6, 7, 8, 0, 10, 0, 0, 0, 14, 0, 0, 0, 18, 0, 0]"
288,"[0, 2, 0, 0, 0, 6, 0, 8, 0, 0, 0, 12, 0, 0, 0, 0, 0, 18, 0, 0]"
289,"[0, 2, 0, 0, 5, 0, 0, 0, 0, 0, 0, 12, 0, 14, 0, 0, 17, 18, 0, 20]"
290,"[1, 0, 3, 0, 5, 0, 0, 0, 9, 0, 0, 0, 0, 14, 15, 0, 0, 18, 19, 0]"
291,"[1, 0, 3, 4, 0, 0, 0, 0, 9, 0, 0, 0, 0, 0, 0, 0, 0, 0, 0, 0]"
292,"[0, 0, 0, 0, 5, 6, 7, 8, 0, 0, 11, 12, 0, 0, 15, 16, 0, 18, 0, 20]"
293,"[1, 2, 0, 4, 0, 6, 0, 0, 9, 0, 0, 0, 0, 0, 15, 0, 17, 0, 19, 0]"
294,"[0, 2, 3, 4, 5, 0, 7, 0, 9, 0, 0, 0, 13, 0, 15, 16, 0, 0, 0, 20]"
295,"[1, 0, 0, 0, 0, 0, 7, 0, 0, 0, 0, 12, 0, 14, 0, 0, 17, 18, 0, 0]"
296,"[0, 2, 0, 4, 0, 6, 7, 8, 0, 10, 11, 12, 13, 0, 0, 16, 17, 18, 0, 20]"
297,"[1, 0, 0, 0, 0, 6, 0, 0, 0, 10, 11, 12, 0, 0, 0, 0, 0, 0, 19, 0]"
298,"[0, 2, 0, 4, 0, 0, 7, 8, 0, 10, 11, 0, 0, 14, 0, 16, 17, 0, 0, 0]"
299,"[0, 2, 0, 0, 5, 0, 7, 0, 9, 10, 11, 0, 13, 0, 0, 16, 17, 0, 19, 0]"
300,"[1, 0, 0, 0, 5, 6, 7, 0, 0, 0, 0, 12, 0, 0, 15, 0, 0, 0, 0, 20]"
301,"[1, 2, 3, 0, 5, 0, 7, 0, 0, 10, 11, 12, 0, 0, 0, 0, 0, 18, 19, 20]"
302,"[1, 2, 3, 4, 5, 0, 0, 0, 0, 0, 11, 0, 0, 14, 0, 16, 17, 0, 0, 20]"
303,"[0, 0, 3, 4, 5, 0, 0, 0, 9, 0, 0, 12, 13, 14, 0, 16, 17, 18, 0, 0]"
304,"[1, 0, 0, 0, 0, 0, 0, 0, 9, 10, 0, 0, 13, 0, 0, 0, 0, 18, 19, 20]"
305,"[0, 2, 0, 0, 0, 0, 7, 8, 0, 10, 0, 0, 13, 14, 0, 0, 17, 0, 0, 20]"
306,"[0, 2, 0, 4, 0, 0, 7, 0, 0, 10, 11, 12, 0, 0, 15, 0, 0, 0, 19, 0]"
307,"[0, 0, 3, 0, 0, 0, 0, 0, 9, 0, 0, 12, 0, 0, 15, 0, 0, 18, 0, 0]"
308,"[1, 0, 0, 4, 0, 0, 0, 8, 9, 0, 0, 12, 0, 0, 0, 0, 0, 0, 0, 20]"
309,"[0, 0, 0, 0, 0, 0, 0, 8, 9, 10, 11, 0, 13, 14, 0, 16, 0, 0, 19, 0]"
310,"[1, 2, 3, 4, 0, 0, 7, 0, 0, 10, 0, 12, 0, 14, 15, 0, 0, 18, 0, 20]"
311,"[0, 0, 3, 0, 0, 0, 0, 0, 0, 10, 0, 0, 0, 14, 15, 0, 0, 18, 0, 0]"
312,"[0, 0, 3, 0, 0, 6, 0, 8, 0, 10, 0, 0, 0, 14, 15, 16, 0, 0, 0, 0]"
313,"[0, 2, 0, 4, 0, 6, 7, 8, 0, 10, 0, 0, 13, 14, 0, 0, 17, 0, 0, 0]"
314,"[0, 0, 0, 0, 0, 0, 0, 0, 9, 0, 0, 0, 0, 14, 15, 0, 17, 18, 0, 20]"
315,"[1, 0, 3, 0, 0, 0, 0, 8, 9, 0, 0, 0, 0, 0, 15, 0, 17, 0, 19, 20]"
316,"[1, 2, 3, 4, 0, 6, 0, 8, 9, 0, 11, 12, 0, 0, 0, 0, 0, 0, 0, 0]"
317,"[0, 0, 0, 0, 5, 0, 7, 8, 0, 0, 11, 12, 13, 0, 15, 16, 0, 0, 0, 20]"
318,"[1, 2, 3, 4, 0, 0, 0, 0, 0, 10, 11, 0, 0, 14, 15, 0, 0, 18, 0, 20]"
319,"[0, 2, 0, 4, 0, 0, 7, 0, 0, 0, 11, 0, 0, 0, 15, 16, 0, 0, 0, 20]"
320,"[0, 2, 0, 4, 5, 0, 0, 0, 9, 0, 0, 12, 13, 0, 0, 0, 0, 0, 0, 0]"
321,"[0, 0, 0, 0, 5, 0, 0, 0, 0, 0, 11, 12, 13, 0, 0, 0, 0, 0, 0, 20]"
322,"[0, 0, 3, 4, 0, 6, 7, 8, 9, 0, 0, 12, 13, 14, 0, 0, 17, 0, 0, 0]"
323,"[0, 0, 0, 0, 5, 0, 7, 0, 9, 0, 11, 12, 13, 0, 15, 0, 17, 18, 0, 0]"
324,"[1, 0, 3, 0, 5, 6, 0, 0, 0, 0, 11, 12, 0, 0, 0, 16, 17, 18, 0, 0]"
325,"[1, 2, 3, 0, 0, 6, 0, 0, 0, 0, 11, 12, 13, 0, 0, 0, 17, 0, 0, 20]"
326,"[0, 0, 3, 4, 5, 6, 7, 0, 9, 0, 11, 0, 0, 0, 0, 16, 0, 0, 0, 0]"
327,"[0, 0, 0, 4, 5, 6, 0, 8, 0, 0, 11, 0, 0, 0, 15, 0, 0, 0, 0, 0]"
328,"[0, 2, 0, 4, 5, 0, 0, 0, 0, 0, 0, 0, 13, 0, 0, 16, 0, 18, 0, 0]"
329,"[0, 0, 3, 0, 0, 0, 0, 0, 0, 10, 0, 0, 0, 14, 0, 16, 0, 18, 0, 20]"
330,"[1, 2, 3, 4, 0, 6, 7, 0, 0, 0, 11, 0, 13, 0, 0, 0, 0, 0, 0, 20]"
331,"[0, 0, 3, 4, 0, 0, 7, 8, 0, 0, 11, 0, 13, 14, 0, 0, 0, 0, 0, 0]"
332,"[1, 0, 0, 4, 0, 0, 7, 0, 0, 0, 0, 0, 0, 0, 0, 0, 0, 18, 0, 0]"
333,"[0, 0, 0, 0, 5, 0, 0, 8, 9, 0, 0, 0, 13, 14, 0, 0, 0, 0, 0, 0]"
334,"[0, 2, 0, 4, 0, 0, 0, 0, 0, 0, 11, 0, 0, 0, 0, 0, 0, 0, 19, 20]"
335,"[0, 0, 0, 0, 5, 0, 7, 8, 9, 10, 0, 0, 0, 14, 15, 16, 17, 0, 0, 0]"
336,"[0, 0, 3, 0, 5, 0, 0, 8, 0, 10, 0, 0, 0, 14, 15, 16, 17, 0, 0, 20]"
337,"[1, 0, 3, 4, 5, 6, 7, 8, 9, 10, 11, 0, 13, 0, 15, 16, 0, 0, 0, 0]"
338,"[0, 2, 3, 0, 0, 0, 0, 8, 9, 10, 11, 12, 13, 14, 0, 16, 0, 0, 19, 0]"
339,"[0, 0, 0, 0, 0, 6, 0, 8, 9, 0, 11, 0, 13, 14, 15, 0, 0, 0, 0, 20]"
340,"[1, 0, 3, 0, 5, 6, 7, 0, 9, 10, 0, 0, 13, 0, 15, 0, 0, 18, 19, 0]"
341,"[0, 2, 0, 4, 5, 0, 7, 8, 9, 0, 0, 0, 13, 0, 0, 0, 0, 18, 19, 20]"
342,"[1, 0, 0, 0, 5, 6, 7, 0, 0, 10, 0, 12, 0, 14, 0, 0, 0, 0, 0, 0]"
343,"[0, 0, 0, 4, 0, 6, 0, 8, 9, 10, 0, 12, 0, 14, 15, 0, 0, 0, 0, 0]"
344,"[0, 0, 0, 4, 0, 0, 7, 8, 0, 0, 0, 0, 13, 14, 0, 0, 17, 0, 19, 0]"
345,"[1, 0, 0, 0, 5, 0, 7, 8, 0, 10, 11, 0, 0, 0, 0, 16, 17, 0, 0, 0]"
346,"[0, 0, 0, 0, 0, 6, 0, 0, 0, 0, 11, 12, 0, 14, 0, 0, 0, 18, 19, 0]"
347,"[0, 2, 0, 4, 0, 0, 0, 8, 9, 0, 11, 0, 0, 0, 15, 0, 0, 0, 0, 0]"
348,"[1, 2, 0, 4, 0, 0, 0, 0, 0, 10, 0, 0, 0, 0, 0, 16, 17, 18, 19, 0]"
349,"[0, 0, 3, 4, 5, 0, 7, 0, 9, 0, 0, 12, 0, 14, 0, 0, 17, 0, 0, 20]"
350,"[1, 2, 0, 0, 0, 0, 0, 0, 0, 10, 0, 12, 13, 0, 15, 0, 0, 0, 19, 0]"
351,"[0, 2, 0, 4, 0, 6, 0, 8, 9, 0, 0, 0, 0, 14, 15, 0, 17, 18, 0, 20]"
352,"[0, 0, 0, 0, 0, 6, 0, 0, 0, 0, 11, 12, 0, 0, 0, 16, 0, 18, 19, 20]"
353,"[0, 0, 3, 4, 5, 0, 0, 0, 9, 0, 0, 0, 0, 0, 15, 16, 0, 0, 0, 20]"
354,"[0, 2, 0, 0, 5, 6, 0, 0, 0, 0, 0, 12, 0, 14, 0, 0, 0, 0, 19, 20]"
355,"[0, 2, 3, 4, 5, 6, 0, 0, 9, 10, 11, 0, 13, 14, 0, 16, 17, 0, 19, 20]"
356,"[0, 0, 0, 0, 0, 0, 0, 0, 0, 10, 0, 0, 0, 0, 0, 16, 0, 18, 19, 20]"
357,"[0, 0, 0, 0, 5, 6, 0, 0, 0, 10, 0, 12, 0, 14, 15, 0, 17, 18, 0, 20]"
358,"[1, 0, 0, 0, 0, 0, 0, 8, 9, 10, 0, 12, 13, 0, 0, 0, 0, 0, 0, 0]"
359,"[1, 0, 3, 0, 0, 6, 7, 0, 0, 0, 0, 0, 13, 0, 15, 16, 0, 0, 0, 20]"
360,"[1, 0, 3, 4, 0, 0, 0, 0, 0, 0, 0, 12, 0, 0, 0, 0, 0, 0, 19, 0]"
361,"[0, 2, 0, 0, 0, 6, 0, 0, 0, 10, 11, 0, 0, 14, 0, 0, 0, 0, 0, 0]"
362,"[0, 2, 3, 4, 0, 0, 7, 8, 0, 0, 0, 0, 0, 0, 0, 0, 0, 0, 0, 20]"
363,"[0, 0, 0, 0, 0, 0, 7, 0, 9, 10, 0, 0, 0, 0, 15, 0, 0, 0, 0, 20]"
364,"[0, 2, 0, 0, 0, 0, 0, 8, 0, 0, 11, 12, 0, 14, 15, 0, 17, 18, 0, 20]"
365,"[1, 0, 0, 0, 5, 0, 0, 8, 9, 10, 0, 0, 13, 0, 15, 16, 17, 18, 0, 20]"
366,"[0, 2, 3, 0, 0, 6, 0, 8, 0, 0, 11, 0, 0, 0, 0, 0, 0, 0, 19, 0]"
367,"[0, 0, 0, 0, 0, 0, 7, 8, 0, 0, 11, 0, 13, 14, 0, 0, 17, 18, 0, 20]"
368,"[0, 0, 0, 4, 5, 0, 0, 0, 0, 10, 11, 0, 13, 14, 0, 0, 17, 0, 19, 0]"
369,"[0, 2, 0, 0, 0, 0, 0, 8, 0, 10, 0, 0, 0, 0, 0, 0, 0, 0, 0, 20]"
370,"[1, 0, 3, 4, 0, 0, 0, 8, 0, 0, 0, 12, 13, 0, 15, 0, 17, 0, 19, 20]"
371,"[0, 0, 3, 0, 0, 6, 0, 0, 0, 10, 11, 12, 0, 14, 0, 0, 17, 0, 0, 0]"
372,"[1, 0, 0, 0, 5, 0, 0, 0, 9, 0, 0, 0, 13, 0, 0, 0, 0, 0, 0, 0]"
373,"[0, 2, 3, 4, 5, 0, 0, 8, 9, 0, 0, 12, 0, 14, 0, 16, 17, 18, 0, 0]"
374,"[1, 0, 0, 0, 0, 0, 7, 8, 0, 10, 11, 0, 0, 0, 0, 0, 17, 0, 0, 0]"
375,"[1, 2, 0, 0, 0, 0, 0, 0, 0, 10, 11, 0, 13, 14, 15, 16, 0, 0, 19, 20]"
376,"[0, 0, 0, 4, 0, 0, 0, 0, 0, 10, 0, 0, 0, 14, 0, 0, 0, 18, 0, 20]"
377,"[1, 0, 0, 0, 5, 0, 7, 8, 0, 10, 11, 12, 13, 0, 0, 16, 0, 0, 0, 0]"
378,"[1, 2, 0, 4, 5, 0, 0, 0, 0, 0, 11, 0, 0, 14, 0, 16, 0, 0, 0, 0]"
379,"[0, 2, 3, 0, 0, 0, 7, 0, 0, 0, 11, 12, 0, 0, 0, 16, 0, 0, 0, 20]"
380,"[1, 0, 3, 0, 5, 6, 7, 0, 0, 0, 11, 12, 13, 14, 15, 0, 0, 18, 0, 0]"
381,"[1, 2, 3, 0, 0, 0, 7, 8, 0, 0, 11, 12, 0, 14, 15, 0, 0, 18, 19, 0]"
382,"[0, 2, 0, 0, 0, 6, 7, 0, 9, 0, 0, 0, 13, 0, 0, 16, 0, 18, 19, 20]"
383,"[0, 0, 3, 4, 5, 0, 7, 0, 0, 0, 0, 0, 13, 0, 15, 16, 0, 0, 0, 20]"
384,"[0, 2, 0, 0, 0, 6, 7, 0, 0, 0, 0, 0, 0, 0, 15, 0, 17, 18, 19, 0]"
385,"[0, 0, 0, 0, 5, 0, 0, 0, 0, 0, 0, 0, 0, 14, 0, 16, 17, 0, 0, 0]"
386,"[0, 2, 0, 4, 0, 0, 0, 8, 9, 10, 0, 12, 0, 0, 0, 0, 0, 0, 0, 0]"
387,"[1, 2, 3, 0, 5, 0, 0, 0, 0, 0, 0, 0, 13, 14, 15, 0, 0, 0, 0, 20]"
388,"[0, 2, 3, 0, 0, 0, 0, 8, 0, 10, 11, 0, 0, 0, 15, 0, 17, 18, 19, 0]"
389,"[0, 2, 0, 0, 5, 6, 0, 8, 9, 0, 0, 0, 13, 14, 15, 0, 0, 18, 0, 20]"
390,"[0, 0, 0, 0, 0, 6, 0, 8, 0, 10, 0, 0, 13, 14, 15, 16, 17, 0, 0, 0]"
391,"[0, 2, 0, 0, 5, 6, 7, 8, 9, 0, 0, 12, 0, 14, 0, 0, 0, 0, 0, 20]"
392,"[1, 0, 0, 4, 0, 6, 7, 0, 0, 0, 0, 0, 13, 14, 0, 16, 0, 18, 19, 0]"
393,"[0, 0, 3, 0, 0, 6, 0, 0, 9, 0, 0, 0, 13, 0, 15, 0, 0, 0, 0, 0]"
394,"[0, 2, 3, 4, 0, 6, 0, 0, 0, 0, 0, 0, 13, 0, 0, 16, 17, 18, 19, 20]"
395,"[1, 0, 3, 0, 0, 0, 0, 0, 0, 0, 0, 0, 0, 14, 0, 16, 17, 18, 0, 0]"
396,"[0, 2, 3, 0, 0, 6, 0, 0, 9, 10, 0, 0, 0, 0, 0, 0, 0, 18, 0, 0]"
397,"[1, 2, 0, 0, 0, 0, 0, 8, 0, 10, 0, 12, 0, 14, 0, 0, 0, 0, 0, 20]"
398,"[0, 2, 3, 0, 0, 0, 0, 0, 0, 0, 11, 0, 0, 0, 0, 0, 17, 0, 0, 20]"
399,"[0, 2, 3, 4, 5, 6, 7, 0, 9, 10, 11, 0, 0, 14, 0, 0, 0, 18, 0, 0]"
400,"[0, 2, 0, 4, 5, 0, 7, 8, 0, 0, 0, 0, 0, 0, 15, 0, 17, 0, 19, 0]"
401,"[1, 0, 3, 4, 0, 6, 0, 8, 0, 0, 11, 0, 0, 0, 0, 0, 0, 18, 19, 0]"
402,"[1, 0, 3, 4, 0, 0, 0, 0, 9, 0, 11, 0, 0, 0, 0, 0, 17, 18, 0, 0]"
403,"[0, 0, 0, 0, 0, 0, 0, 8, 9, 0, 11, 0, 0, 0, 0, 0, 17, 0, 0, 0]"
404,"[0, 2, 3, 0, 0, 0, 7, 8, 0, 10, 11, 12, 0, 0, 15, 0, 0, 0, 0, 20]"
405,"[0, 2, 0, 0, 0, 0, 7, 0, 0, 0, 0, 0, 13, 14, 0, 0, 0, 0, 0, 0]"
406,"[1, 0, 3, 0, 0, 0, 0, 0, 0, 0, 0, 0, 0, 0, 15, 0, 0, 0, 0, 0]"
407,"[0, 2, 0, 4, 0, 6, 0, 0, 0, 10, 11, 0, 13, 0, 0, 0, 17, 0, 0, 20]"
408,"[1, 2, 0, 4, 5, 0, 0, 0, 0, 10, 0, 12, 0, 0, 15, 0, 0, 18, 0, 20]"
409,"[0, 0, 0, 0, 0, 6, 0, 0, 0, 10, 11, 12, 13, 14, 0, 0, 0, 0, 0, 0]"
410,"[0, 0, 0, 0, 0, 6, 0, 8, 9, 10, 11, 12, 0, 0, 0, 16, 0, 0, 19, 20]"
411,"[1, 0, 3, 0, 5, 0, 7, 8, 0, 0, 0, 0, 0, 0, 15, 0, 17, 0, 19, 20]"
412,"[0, 0, 3, 4, 0, 6, 7, 0, 0, 0, 11, 0, 0, 0, 15, 0, 0, 18, 0, 20]"
413,"[0, 2, 3, 0, 5, 6, 7, 8, 0, 10, 11, 0, 13, 0, 0, 16, 0, 0, 19, 0]"
414,"[0, 0, 0, 4, 0, 0, 7, 0, 9, 0, 0, 0, 13, 0, 0, 0, 17, 18, 0, 0]"
415,"[1, 2, 0, 0, 0, 6, 7, 0, 0, 0, 0, 12, 0, 14, 15, 0, 17, 0, 0, 0]"
416,"[0, 0, 0, 4, 0, 0, 7, 8, 0, 10, 11, 0, 0, 0, 0, 0, 0, 18, 19, 0]"
417,"[0, 2, 0, 4, 5, 6, 0, 0, 9, 0, 11, 12, 0, 0, 0, 0, 17, 18, 0, 0]"
418,"[1, 0, 3, 0, 5, 6, 7, 8, 9, 0, 11, 0, 0, 14, 15, 16, 0, 18, 0, 0]"
419,"[0, 0, 3, 0, 0, 6, 7, 8, 9, 10, 11, 12, 0, 0, 15, 16, 17, 18, 0, 0]"
420,"[0, 2, 0, 0, 5, 0, 0, 0, 0, 10, 0, 12, 13, 0, 0, 0, 17, 0, 0, 0]"
421,"[0, 0, 3, 0, 0, 6, 0, 8, 0, 10, 0, 0, 0, 0, 15, 0, 17, 0, 0, 0]"
422,"[0, 0, 0, 4, 5, 6, 0, 0, 0, 10, 11, 0, 13, 0, 0, 16, 17, 0, 0, 20]"
423,"[0, 2, 0, 0, 0, 0, 0, 8, 0, 0, 0, 0, 0, 14, 15, 0, 0, 18, 0, 0]"
424,"[1, 0, 0, 0, 0, 0, 0, 0, 9, 0, 11, 12, 13, 0, 0, 0, 0, 0, 19, 20]"
425,"[1, 0, 0, 0, 5, 0, 0, 0, 9, 0, 0, 0, 0, 0, 0, 0, 17, 18, 19, 0]"
426,"[1, 0, 0, 0, 0, 0, 7, 8, 9, 0, 0, 0, 0, 0, 0, 0, 0, 18, 0, 0]"
427,"[1, 2, 3, 0, 0, 0, 0, 8, 0, 0, 0, 0, 0, 14, 15, 0, 0, 18, 19, 0]"
428,"[0, 2, 3, 0, 0, 0, 7, 0, 9, 0, 11, 0, 0, 0, 15, 0, 0, 18, 19, 0]"
429,"[1, 2, 0, 0, 0, 0, 0, 8, 9, 10, 11, 12, 0, 14, 0, 0, 17, 0, 0, 0]"
430,"[0, 2, 0, 4, 5, 6, 0, 8, 0, 0, 0, 0, 13, 14, 0, 0, 0, 0, 0, 0]"
431,"[0, 0, 0, 0, 0, 0, 7, 8, 0, 0, 0, 0, 13, 0, 15, 0, 0, 0, 19, 0]"
432,"[1, 0, 3, 0, 0, 0, 0, 8, 0, 0, 11, 12, 13, 0, 0, 16, 17, 0, 19, 0]"
433,"[0, 0, 3, 0, 5, 6, 7, 8, 0, 10, 0, 12, 13, 14, 0, 0, 17, 18, 19, 0]"
434,"[0, 0, 0, 4, 5, 0, 7, 0, 9, 0, 0, 0, 13, 0, 0, 0, 0, 0, 19, 20]"
435,"[0, 0, 3, 0, 0, 0, 7, 0, 9, 0, 11, 12, 13, 0, 0, 0, 17, 0, 0, 0]"
436,"[0, 2, 3, 0, 0, 0, 0, 8, 0, 0, 0, 0, 0, 14, 0, 16, 17, 0, 19, 20]"
437,"[0, 0, 3, 0, 5, 6, 7, 0, 0, 10, 0, 0, 0, 0, 0, 0, 0, 18, 0, 20]"
438,"[0, 0, 0, 4, 0, 6, 0, 8, 0, 10, 11, 0, 13, 0, 15, 0, 17, 0, 19, 0]"
439,"[1, 2, 3, 4, 5, 6, 7, 0, 0, 0, 11, 12, 13, 14, 0, 16, 17, 0, 0, 20]"
440,"[0, 0, 0, 4, 5, 6, 0, 8, 9, 0, 0, 0, 0, 0, 0, 0, 17, 0, 0, 0]"
441,"[1, 0, 0, 4, 0, 6, 0, 0, 9, 0, 0, 12, 13, 0, 0, 0, 17, 18, 0, 0]"
442,"[0, 2, 0, 4, 5, 0, 0, 8, 0, 0, 0, 0, 0, 0, 0, 0, 17, 18, 0, 0]"
443,"[0, 2, 3, 0, 0, 0, 7, 0, 0, 0, 0, 12, 0, 14, 0, 16, 0, 0, 19, 0]"
444,"[0, 2, 0, 4, 0, 0, 0, 0, 0, 0, 11, 0, 0, 14, 0, 0, 0, 18, 19, 0]"
445,"[0, 2, 0, 4, 5, 0, 0, 0, 9, 10, 11, 0, 13, 14, 0, 0, 17, 0, 0, 0]"
446,"[0, 2, 0, 4, 0, 0, 0, 8, 9, 0, 0, 0, 0, 14, 0, 0, 0, 18, 0, 0]"
447,"[0, 0, 0, 0, 0, 0, 7, 0, 9, 10, 11, 12, 13, 0, 0, 0, 17, 0, 0, 20]"
448,"[0, 0, 0, 4, 0, 0, 7, 0, 0, 10, 0, 0, 0, 0, 0, 16, 0, 0, 19, 0]"
449,"[0, 0, 0, 0, 0, 0, 7, 8, 0, 0, 0, 0, 0, 0, 0, 16, 0, 0, 19, 0]"
450,"[0, 2, 0, 0, 0, 6, 7, 0, 0, 0, 0, 12, 0, 14, 0, 16, 17, 18, 19, 0]"
451,"[0, 0, 3, 0, 0, 6, 7, 0, 0, 0, 11, 0, 0, 0, 0, 16, 17, 18, 0, 0]"
452,"[1, 2, 0, 0, 0, 0, 7, 0, 0, 0, 0, 12, 0, 0, 0, 16, 0, 18, 19, 20]"
453,"[0, 2, 0, 4, 0, 0, 0, 8, 0, 0, 11, 0, 0, 0, 15, 0, 0, 0, 0, 20]"
454,"[0, 2, 0, 4, 0, 0, 0, 8, 0, 10, 11, 0, 0, 14, 0, 16, 17, 0, 0, 20]"
455,"[0, 2, 0, 0, 0, 0, 0, 8, 0, 0, 11, 12, 0, 14, 0, 16, 17, 0, 19, 20]"
456,"[0, 0, 0, 0, 0, 0, 7, 8, 0, 10, 11, 12, 0, 0, 15, 16, 17, 0, 19, 0]"
457,"[0, 2, 3, 4, 5, 6, 0, 8, 0, 0, 0, 0, 0, 0, 15, 16, 17, 0, 19, 0]"
458,"[0, 2, 0, 0, 5, 6, 0, 0, 0, 0, 0, 0, 13, 14, 15, 16, 17, 18, 19, 0]"
459,"[1, 2, 0, 0, 5, 0, 7, 0, 9, 10, 11, 0, 13, 0, 15, 0, 17, 0, 0, 0]"
460,"[1, 0, 0, 0, 0, 0, 7, 8, 0, 0, 0, 0, 13, 0, 0, 16, 0, 0, 19, 0]"
461,"[1, 0, 3, 4, 0, 6, 0, 8, 9, 0, 0, 0, 0, 0, 15, 16, 0, 0, 19, 20]"
462,"[1, 0, 0, 0, 5, 0, 7, 8, 9, 10, 11, 12, 13, 0, 0, 0, 0, 0, 0, 0]"
463,"[1, 0, 0, 4, 0, 0, 7, 8, 0, 0, 11, 12, 0, 14, 0, 16, 17, 0, 0, 20]"
464,"[1, 0, 0, 4, 0, 6, 0, 8, 9, 10, 11, 12, 13, 14, 0, 0, 17, 18, 0, 20]"
465,"[1, 0, 3, 0, 0, 6, 7, 8, 0, 0, 11, 0, 0, 14, 0, 16, 17, 0, 0, 20]"
466,"[0, 0, 0, 4, 0, 0, 7, 0, 9, 0, 0, 0, 13, 0, 15, 0, 0, 0, 19, 0]"
467,"[0, 0, 0, 4, 0, 0, 0, 0, 9, 10, 0, 0, 0, 0, 0, 16, 0, 18, 19, 0]"
468,"[0, 2, 3, 4, 0, 0, 0, 8, 9, 10, 0, 12, 13, 0, 0, 0, 0, 18, 0, 0]"
469,"[1, 0, 3, 0, 0, 0, 0, 8, 0, 0, 0, 12, 0, 14, 15, 0, 0, 18, 0, 0]"
470,"[1, 0, 0, 0, 0, 6, 7, 0, 0, 0, 0, 0, 0, 0, 15, 16, 0, 0, 19, 0]"
471,"[0, 0, 0, 0, 0, 0, 7, 0, 9, 0, 11, 0, 13, 0, 0, 16, 0, 0, 0, 20]"
472,"[0, 0, 3, 0, 5, 6, 0, 8, 0, 10, 0, 0, 13, 14, 15, 0, 0, 18, 0, 0]"
473,"[0, 0, 0, 0, 0, 0, 0, 0, 9, 0, 11, 12, 0, 0, 15, 0, 0, 0, 0, 0]"
474,"[0, 2, 3, 0, 0, 6, 0, 0, 0, 10, 0, 12, 0, 0, 15, 0, 17, 18, 19, 0]"
475,"[0, 0, 0, 4, 5, 0, 0, 8, 9, 0, 11, 0, 13, 0, 15, 16, 0, 0, 0, 20]"
476,"[0, 2, 3, 0, 0, 6, 0, 0, 9, 10, 11, 0, 0, 0, 0, 0, 0, 0, 0, 0]"
477,"[0, 2, 0, 4, 0, 6, 0, 8, 9, 0, 0, 12, 0, 14, 0, 0, 0, 0, 0, 0]"
478,"[1, 2, 0, 4, 5, 0, 7, 0, 9, 0, 0, 0, 0, 0, 0, 0, 17, 18, 19, 0]"
479,"[0, 0, 0, 4, 0, 0, 0, 0, 0, 0, 0, 12, 13, 0, 15, 0, 0, 0, 0, 0]"
480,"[1, 2, 0, 0, 5, 6, 7, 0, 0, 10, 0, 12, 13, 0, 0, 0, 17, 18, 0, 20]"
481,"[0, 2, 3, 0, 0, 0, 7, 0, 9, 0, 0, 0, 0, 0, 15, 0, 17, 0, 0, 0]"
482,"[1, 0, 3, 0, 0, 0, 0, 8, 0, 0, 0, 0, 0, 0, 15, 0, 17, 0, 0, 0]"
483,"[0, 2, 0, 4, 0, 6, 7, 0, 0, 0, 11, 12, 0, 14, 15, 0, 0, 0, 0, 0]"
484,"[0, 0, 0, 0, 0, 0, 7, 8, 0, 0, 11, 12, 0, 0, 0, 0, 17, 18, 0, 0]"
485,"[1, 2, 0, 4, 5, 0, 0, 0, 0, 0, 0, 0, 0, 0, 0, 0, 17, 0, 19, 0]"
486,"[0, 2, 0, 0, 5, 0, 7, 0, 0, 0, 0, 0, 13, 0, 0, 16, 17, 0, 0, 0]"
487,"[0, 0, 3, 4, 5, 0, 0, 0, 9, 10, 11, 12, 13, 0, 0, 0, 17, 0, 19, 0]"
488,"[0, 2, 3, 0, 0, 0, 0, 0, 0, 0, 0, 12, 0, 0, 0, 0, 0, 18, 19, 20]"
489,"[0, 0, 3, 4, 0, 6, 7, 0, 0, 0, 0, 12, 0, 0, 0, 0, 0, 0, 0, 0]"
490,"[1, 0, 0, 4, 5, 6, 7, 0, 9, 10, 11, 12, 13, 0, 0, 0, 17, 18, 19, 20]"
491,"[0, 2, 0, 0, 5, 0, 0, 8, 9, 0, 11, 12, 0, 0, 0, 0, 0, 18, 0, 0]"
492,"[1, 0, 0, 0, 0, 6, 7, 0, 0, 0, 0, 12, 0, 0, 0, 16, 0, 0, 19, 0]"
493,"[0, 0, 3, 4, 0, 0, 0, 0, 0, 0, 0, 0, 0, 14, 0, 16, 0, 0, 19, 20]"
494,"[1, 2, 0, 0, 5, 0, 0, 8, 9, 10, 11, 0, 0, 0, 0, 16, 0, 18, 19, 20]"
495,"[1, 2, 0, 4, 0, 0, 0, 0, 0, 10, 0, 12, 0, 14, 15, 0, 0, 18, 19, 0]"
496,"[0, 0, 3, 0, 0, 0, 0, 0, 0, 0, 0, 0, 0, 0, 0, 0, 17, 0, 0, 20]"
497,"[0, 0, 3, 0, 0, 6, 7, 0, 9, 10, 11, 12, 0, 14, 15, 0, 0, 0, 0, 0]"
498,"[0, 0, 3, 0, 0, 6, 0, 8, 9, 0, 11, 12, 13, 0, 15, 16, 17, 18, 19, 0]"
499,"[0, 2, 0, 4, 5, 0, 7, 8, 0, 10, 11, 0, 13, 14, 15, 16, 17, 0, 19, 0]"
500,"[0, 0, 0, 0, 0, 0, 0, 8, 0, 0, 11, 12, 0, 14, 0, 16, 17, 0, 0, 0]"
501,"[0, 2, 0, 0, 0, 0, 0, 0, 9, 0, 11, 0, 0, 0, 15, 0, 0, 18, 19, 0]"
502,"[1, 0, 0, 0, 5, 0, 7, 0, 9, 0, 0, 0, 0, 0, 0, 16, 0, 0, 0, 20]"
503,"[1, 2, 0, 0, 5, 6, 0, 0, 0, 0, 0, 0, 0, 14, 15, 0, 17, 0, 0, 20]"
504,"[0, 2, 0, 0, 5, 0, 7, 0, 0, 0, 0, 12, 0, 0, 0, 0, 0, 0, 19, 0]"
505,"[1, 0, 0, 0, 0, 6, 0, 8, 0, 10, 0, 0, 0, 0, 0, 16, 17, 0, 19, 20]"
506,"[1, 2, 3, 0, 0, 0, 7, 0, 0, 10, 0, 0, 13, 14, 0, 16, 17, 0, 19, 0]"
507,"[0, 2, 3, 4, 0, 6, 0, 8, 0, 0, 0, 0, 13, 14, 15, 16, 0, 0, 0, 20]"
508,"[0, 0, 0, 0, 0, 0, 0, 0, 0, 0, 0, 12, 13, 0, 15, 16, 0, 18, 19, 20]"
509,"[0, 0, 3, 4, 5, 0, 0, 8, 0, 0, 11, 12, 0, 0, 0, 0, 0, 0, 0, 20]"
510,"[0, 0, 3, 0, 0, 0, 0, 8, 0, 0, 0, 0, 0, 14, 15, 0, 0, 0, 19, 20]"
511,"[0, 2, 0, 0, 0, 6, 7, 8, 0, 10, 11, 0, 0, 0, 0, 0, 0, 0, 0, 0]"
512,"[0, 0, 3, 0, 5, 0, 7, 0, 0, 10, 11, 0, 0, 14, 0, 0, 0, 0, 19, 0]"
513,"[0, 2, 3, 0, 0, 0, 0, 8, 0, 10, 11, 0, 0, 14, 0, 0, 0, 18, 0, 20]"
514,"[1, 2, 0, 0, 5, 0, 0, 0, 9, 10, 11, 12, 0, 0, 0, 16, 0, 0, 0, 0]"
515,"[0, 2, 3, 4, 5, 6, 7, 0, 0, 0, 11, 0, 0, 0, 0, 0, 0, 0, 0, 20]"
516,"[1, 0, 0, 0, 5, 0, 7, 0, 9, 0, 0, 0, 13, 0, 0, 0, 0, 0, 0, 0]"
517,"[0, 2, 0, 0, 0, 6, 7, 0, 0, 10, 0, 12, 13, 14, 0, 0, 0, 0, 19, 0]"
518,"[0, 2, 0, 4, 0, 0, 0, 0, 0, 0, 11, 0, 13, 0, 15, 16, 17, 0, 19, 0]"
519,"[0, 2, 3, 4, 5, 6, 0, 0, 9, 10, 0, 12, 13, 0, 15, 0, 0, 0, 0, 20]"
520,"[0, 2, 0, 0, 0, 0, 0, 0, 0, 10, 0, 0, 0, 14, 15, 16, 17, 18, 0, 0]"
521,"[0, 0, 3, 0, 5, 0, 0, 0, 0, 0, 0, 12, 0, 0, 15, 16, 0, 18, 19, 0]"
522,"[0, 2, 0, 4, 0, 0, 0, 8, 0, 0, 0, 12, 0, 0, 0, 0, 17, 0, 0, 20]"
523,"[0, 2, 3, 0, 5, 6, 7, 0, 9, 10, 11, 0, 0, 14, 0, 0, 0, 0, 0, 0]"
524,"[0, 2, 0, 0, 0, 0, 7, 0, 0, 0, 0, 0, 0, 14, 15, 16, 17, 0, 0, 0]"
525,"[1, 0, 0, 0, 5, 0, 0, 8, 9, 10, 0, 0, 0, 14, 0, 0, 17, 18, 19, 20]"
526,"[1, 0, 0, 4, 0, 0, 0, 8, 9, 0, 0, 12, 0, 0, 0, 0, 17, 18, 0, 0]"
527,"[0, 2, 0, 0, 0, 0, 0, 0, 9, 0, 0, 12, 13, 14, 15, 16, 17, 18, 0, 0]"
528,"[0, 2, 0, 0, 0, 6, 0, 0, 0, 10, 11, 0, 0, 0, 0, 0, 0, 18, 0, 20]"
529,"[0, 2, 0, 0, 0, 0, 7, 8, 0, 0, 0, 0, 0, 0, 0, 16, 17, 18, 0, 20]"
530,"[0, 0, 0, 4, 0, 0, 0, 0, 9, 10, 0, 12, 0, 14, 15, 16, 0, 0, 0, 20]"
531,"[1, 0, 0, 4, 0, 0, 0, 8, 9, 0, 0, 12, 0, 0, 15, 0, 0, 0, 0, 20]"
532,"[1, 2, 3, 0, 0, 0, 0, 8, 9, 0, 11, 12, 13, 14, 15, 16, 0, 18, 0, 0]"
533,"[0, 0, 3, 4, 5, 6, 0, 0, 0, 0, 0, 0, 0, 14, 15, 0, 0, 0, 19, 20]"
534,"[1, 2, 3, 4, 5, 6, 0, 0, 9, 0, 0, 0, 13, 0, 0, 16, 0, 18, 19, 0]"
535,"[0, 0, 3, 4, 5, 0, 0, 8, 9, 0, 0, 0, 0, 0, 0, 0, 0, 18, 0, 20]"
536,"[0, 2, 0, 4, 0, 0, 7, 8, 9, 0, 0, 0, 0, 0, 15, 16, 0, 0, 0, 20]"
537,"[0, 0, 0, 0, 0, 0, 7, 0, 0, 10, 11, 0, 0, 0, 0, 0, 0, 18, 19, 20]"
538,"[0, 0, 0, 4, 5, 0, 0, 0, 0, 10, 0, 12, 0, 14, 0, 16, 0, 0, 19, 0]"
539,"[0, 2, 0, 0, 0, 6, 0, 0, 9, 10, 11, 0, 13, 0, 0, 16, 0, 0, 0, 0]"
540,"[0, 0, 0, 0, 0, 0, 0, 0, 9, 0, 0, 12, 13, 0, 0, 16, 17, 0, 19, 20]"
541,"[0, 0, 0, 4, 5, 0, 0, 0, 0, 0, 0, 0, 0, 0, 15, 0, 0, 18, 0, 0]"
542,"[0, 0, 0, 4, 5, 0, 7, 0, 9, 0, 0, 12, 13, 0, 15, 0, 0, 18, 0, 0]"
543,"[1, 0, 0, 0, 5, 6, 0, 0, 0, 0, 11, 12, 0, 0, 0, 0, 17, 18, 0, 20]"
544,"[0, 2, 3, 4, 0, 0, 0, 8, 0, 0, 0, 0, 0, 14, 15, 0, 0, 18, 19, 20]"
545,"[0, 0, 3, 0, 0, 0, 0, 8, 0, 0, 0, 0, 0, 0, 0, 0, 17, 18, 0, 20]"
546,"[0, 0, 3, 0, 0, 0, 7, 8, 0, 0, 0, 0, 13, 0, 0, 16, 17, 0, 19, 0]"
547,"[1, 0, 0, 4, 0, 0, 7, 0, 9, 0, 11, 0, 0, 0, 0, 0, 0, 0, 0, 0]"
548,"[1, 2, 3, 0, 0, 6, 0, 8, 0, 0, 11, 0, 0, 0, 0, 16, 0, 0, 0, 20]"
549,"[0, 0, 0, 0, 5, 6, 7, 0, 0, 0, 0, 0, 13, 0, 0, 16, 17, 18, 19, 0]"
550,"[1, 2, 0, 4, 0, 0, 0, 8, 0, 10, 0, 12, 13, 0, 15, 16, 0, 18, 0, 20]"
551,"[0, 0, 3, 0, 0, 6, 0, 0, 0, 0, 0, 0, 0, 0, 0, 16, 17, 0, 19, 20]"
552,"[1, 0, 0, 0, 5, 0, 7, 0, 9, 10, 0, 12, 0, 0, 0, 16, 0, 18, 0, 0]"
553,"[0, 0, 0, 0, 5, 6, 7, 0, 9, 0, 0, 0, 0, 0, 0, 0, 0, 18, 19, 20]"
554,"[0, 2, 0, 4, 5, 6, 7, 8, 0, 0, 0, 12, 0, 0, 15, 16, 17, 18, 0, 20]"
555,"[0, 0, 0, 0, 5, 6, 7, 0, 9, 0, 11, 12, 13, 0, 15, 16, 17, 18, 0, 20]"
556,"[1, 2, 0, 4, 0, 6, 7, 0, 0, 10, 11, 0, 0, 14, 0, 0, 0, 18, 19, 0]"
557,"[0, 0, 0, 0, 5, 6, 7, 8, 0, 0, 11, 0, 0, 0, 0, 16, 17, 18, 0, 0]"
558,"[0, 2, 0, 4, 0, 6, 0, 0, 9, 0, 0, 12, 13, 14, 15, 16, 0, 0, 19, 0]"
559,"[0, 2, 3, 0, 0, 6, 0, 8, 0, 0, 11, 0, 13, 14, 0, 0, 0, 0, 19, 0]"
560,"[0, 2, 3, 0, 0, 6, 7, 8, 9, 0, 0, 12, 0, 0, 0, 0, 0, 18, 19, 20]"
561,"[0, 0, 0, 0, 0, 0, 0, 8, 0, 10, 0, 0, 0, 0, 0, 0, 17, 0, 0, 20]"
562,"[0, 0, 0, 4, 5, 0, 0, 0, 9, 0, 11, 12, 13, 14, 0, 0, 17, 0, 0, 20]"
563,"[1, 0, 3, 0, 0, 6, 0, 8, 0, 0, 0, 0, 13, 14, 0, 0, 0, 0, 19, 0]"
564,"[1, 2, 3, 0, 0, 6, 0, 0, 9, 0, 11, 0, 0, 0, 15, 16, 0, 0, 19, 0]"
565,"[0, 0, 0, 4, 0, 0, 0, 8, 9, 0, 0, 0, 0, 14, 0, 16, 17, 0, 0, 0]"
566,"[1, 2, 0, 4, 0, 0, 0, 0, 0, 10, 0, 12, 0, 14, 15, 16, 17, 18, 0, 0]"
567,"[0, 0, 0, 4, 0, 6, 7, 0, 0, 10, 11, 0, 0, 14, 0, 16, 17, 0, 0, 0]"
568,"[0, 0, 0, 4, 0, 0, 7, 0, 0, 0, 11, 0, 13, 14, 0, 0, 0, 18, 19, 0]"
569,"[0, 2, 0, 0, 5, 0, 7, 8, 0, 0, 11, 12, 0, 0, 0, 16, 0, 0, 0, 0]"
570,"[0, 2, 0, 4, 0, 6, 7, 0, 0, 0, 0, 0, 0, 14, 0, 16, 0, 0, 0, 0]"
571,"[0, 2, 3, 0, 0, 0, 7, 0, 0, 0, 11, 0, 0, 0, 0, 16, 17, 0, 0, 20]"
572,"[0, 0, 0, 0, 0, 0, 0, 0, 9, 0, 11, 0, 13, 0, 0, 0, 17, 18, 19, 0]"
573,"[0, 0, 3, 0, 0, 6, 0, 8, 0, 10, 0, 0, 13, 14, 15, 0, 17, 18, 0, 20]"
574,"[1, 0, 3, 0, 5, 6, 7, 0, 9, 0, 0, 0, 0, 0, 15, 0, 0, 0, 0, 20]"
575,"[1, 2, 3, 0, 5, 0, 0, 0, 0, 0, 0, 0, 13, 0, 15, 0, 17, 18, 0, 0]"
576,"[0, 0, 3, 0, 5, 0, 7, 8, 0, 0, 11, 0, 0, 0, 0, 16, 0, 0, 0, 20]"
577,"[1, 2, 0, 0, 0, 6, 7, 8, 0, 10, 0, 12, 0, 14, 0, 16, 0, 18, 19, 20]"
578,"[0, 2, 3, 4, 5, 0, 7, 8, 0, 10, 0, 0, 13, 14, 15, 0, 17, 18, 0, 0]"
579,"[1, 0, 0, 0, 0, 6, 0, 8, 0, 10, 11, 0, 13, 0, 0, 0, 0, 18, 0, 0]"
580,"[0, 2, 0, 4, 5, 0, 0, 0, 0, 0, 0, 0, 13, 0, 15, 0, 0, 0, 0, 0]"
581,"[1, 0, 3, 4, 0, 0, 7, 8, 0, 10, 0, 0, 0, 0, 0, 0, 0, 0, 0, 20]"
582,"[0, 2, 0, 0, 0, 6, 7, 0, 0, 10, 0, 0, 13, 0, 15, 0, 17, 18, 19, 0]"
583,"[1, 2, 3, 4, 0, 0, 7, 8, 0, 0, 11, 12, 13, 0, 0, 16, 0, 18, 0, 20]"
584,"[0, 0, 0, 0, 5, 0, 7, 0, 9, 0, 0, 0, 0, 0, 15, 0, 0, 18, 0, 20]"
585,"[1, 0, 3, 4, 0, 6, 0, 8, 9, 0, 11, 0, 0, 0, 15, 16, 17, 0, 19, 0]"
586,"[1, 0, 3, 0, 5, 6, 7, 8, 0, 0, 0, 0, 0, 14, 0, 16, 0, 18, 0, 20]"
587,"[0, 0, 3, 0, 5, 6, 0, 0, 9, 10, 11, 12, 0, 0, 0, 16, 0, 0, 0, 0]"
588,"[0, 0, 0, 4, 0, 0, 0, 0, 9, 0, 11, 0, 0, 0, 0, 0, 17, 18, 19, 0]"
589,"[1, 0, 0, 0, 0, 0, 7, 0, 9, 10, 0, 12, 0, 0, 0, 0, 17, 0, 19, 0]"
590,"[0, 2, 0, 0, 0, 0, 0, 0, 0, 0, 11, 12, 0, 14, 0, 0, 0, 0, 0, 0]"
591,"[1, 0, 3, 4, 0, 6, 0, 0, 0, 10, 0, 12, 13, 0, 15, 0, 17, 0, 19, 20]"
592,"[0, 0, 0, 4, 0, 6, 0, 0, 0, 10, 11, 0, 0, 14, 0, 0, 17, 0, 0, 0]"
593,"[0, 2, 0, 0, 5, 0, 0, 0, 0, 10, 0, 0, 13, 0, 0, 0, 17, 18, 0, 0]"
594,"[1, 0, 0, 0, 0, 6, 0, 0, 0, 0, 0, 12, 0, 0, 0, 0, 17, 0, 19, 0]"
595,"[0, 0, 0, 4, 0, 6, 7, 0, 0, 0, 11, 12, 0, 14, 0, 0, 0, 0, 0, 0]"
596,"[0, 0, 3, 4, 0, 6, 7, 0, 0, 10, 11, 0, 13, 0, 15, 0, 17, 0, 19, 20]"
597,"[0, 0, 0, 4, 0, 0, 7, 0, 0, 0, 11, 0, 0, 0, 15, 16, 17, 18, 0, 0]"
598,"[0, 2, 0, 0, 0, 6, 0, 0, 0, 0, 0, 0, 13, 0, 0, 0, 0, 18, 0, 0]"
599,"[1, 0, 0, 0, 0, 0, 7, 8, 9, 0, 0, 12, 0, 0, 0, 16, 0, 0, 19, 20]"
600,"[0, 2, 0, 4, 5, 6, 0, 0, 9, 0, 0, 12, 0, 14, 15, 0, 0, 0, 19, 0]"
601,"[0, 0, 0, 0, 5, 6, 7, 0, 9, 0, 0, 12, 13, 0, 0, 16, 17, 0, 19, 0]"
602,"[1, 0, 3, 4, 0, 0, 7, 0, 0, 10, 0, 0, 0, 0, 15, 16, 0, 0, 0, 0]"
603,"[0, 2, 0, 0, 0, 6, 0, 0, 0, 10, 11, 0, 0, 0, 0, 0, 17, 18, 19, 20]"
604,"[0, 2, 3, 4, 0, 6, 0, 0, 0, 10, 0, 0, 13, 14, 15, 16, 17, 0, 19, 0]"
605,"[0, 2, 0, 0, 5, 0, 0, 8, 9, 10, 11, 0, 0, 14, 0, 16, 17, 0, 0, 20]"
606,"[0, 2, 0, 0, 5, 6, 7, 0, 9, 0, 11, 0, 0, 14, 15, 0, 0, 18, 0, 20]"
607,"[0, 2, 3, 0, 0, 0, 0, 0, 0, 0, 0, 0, 0, 0, 15, 0, 0, 0, 19, 0]"
608,"[0, 2, 3, 0, 0, 0, 7, 0, 0, 10, 11, 12, 0, 14, 0, 0, 17, 18, 0, 0]"
609,"[1, 2, 0, 0, 5, 6, 0, 0, 0, 0, 11, 0, 0, 14, 15, 0, 17, 18, 0, 0]"
610,"[1, 0, 0, 0, 5, 0, 7, 0, 0, 0, 11, 0, 0, 0, 0, 16, 17, 18, 0, 20]"
611,"[0, 2, 3, 0, 0, 0, 0, 0, 9, 10, 11, 12, 0, 14, 15, 0, 17, 18, 19, 0]"
612,"[0, 2, 3, 0, 0, 0, 7, 0, 0, 10, 0, 0, 0, 0, 15, 0, 0, 0, 19, 20]"
613,"[0, 2, 3, 0, 0, 0, 0, 0, 0, 0, 0, 12, 13, 14, 15, 0, 17, 0, 0, 20]"
614,"[1, 2, 0, 4, 0, 0, 0, 0, 9, 10, 0, 12, 0, 0, 0, 0, 0, 0, 0, 0]"
615,"[0, 2, 3, 0, 5, 6, 0, 0, 0, 10, 0, 12, 0, 0, 15, 0, 17, 0, 0, 0]"
616,"[0, 0, 0, 0, 0, 0, 7, 0, 9, 0, 0, 12, 0, 14, 0, 16, 0, 0, 19, 0]"
617,"[0, 2, 3, 4, 0, 0, 7, 8, 9, 10, 0, 12, 0, 0, 15, 16, 17, 0, 0, 20]"
618,"[1, 0, 0, 4, 5, 6, 7, 0, 0, 10, 0, 0, 13, 0, 0, 0, 17, 0, 0, 0]"
619,"[1, 0, 3, 0, 0, 0, 0, 0, 0, 0, 0, 12, 0, 0, 0, 16, 0, 18, 19, 0]"
620,"[0, 0, 0, 4, 0, 0, 0, 0, 9, 10, 0, 0, 0, 0, 0, 0, 0, 0, 0, 0]"
621,"[0, 2, 0, 0, 5, 6, 7, 0, 0, 10, 11, 0, 0, 0, 15, 16, 17, 18, 0, 0]"
622,"[1, 2, 0, 0, 0, 0, 0, 8, 0, 0, 11, 0, 13, 14, 0, 16, 17, 0, 0, 0]"
623,"[1, 2, 0, 0, 0, 6, 7, 8, 0, 10, 11, 0, 13, 0, 15, 0, 17, 0, 19, 0]"
624,"[0, 2, 3, 0, 5, 0, 0, 0, 0, 0, 0, 12, 13, 0, 15, 16, 17, 18, 19, 0]"
625,"[1, 0, 3, 0, 0, 6, 0, 0, 0, 0, 11, 12, 13, 0, 15, 0, 17, 18, 0, 0]"
626,"[1, 2, 0, 0, 0, 0, 0, 0, 9, 0, 0, 12, 13, 14, 0, 16, 0, 18, 19, 0]"
627,"[0, 0, 0, 0, 0, 6, 7, 0, 0, 0, 0, 0, 0, 14, 15, 0, 0, 0, 19, 0]"
628,"[0, 0, 3, 4, 5, 0, 0, 0, 0, 10, 11, 12, 0, 0, 15, 0, 17, 18, 0, 20]"
629,"[1, 0, 3, 4, 0, 6, 0, 0, 0, 0, 11, 12, 0, 0, 0, 16, 0, 18, 0, 0]"
630,"[0, 0, 0, 4, 0, 6, 0, 0, 0, 0, 0, 0, 0, 0, 0, 16, 0, 0, 0, 0]"
631,"[0, 0, 0, 0, 0, 0, 7, 0, 0, 10, 0, 0, 0, 14, 0, 16, 0, 18, 19, 0]"
632,"[0, 0, 3, 4, 5, 0, 7, 0, 9, 0, 0, 12, 0, 0, 0, 0, 0, 18, 0, 0]"
633,"[1, 2, 3, 4, 0, 0, 0, 0, 9, 10, 11, 0, 0, 0, 0, 16, 17, 0, 0, 0]"
634,"[0, 2, 0, 4, 0, 0, 0, 8, 9, 10, 0, 0, 13, 14, 15, 0, 17, 18, 0, 20]"
635,"[0, 2, 0, 0, 0, 0, 0, 8, 0, 0, 0, 0, 0, 14, 0, 16, 0, 18, 0, 0]"
636,"[0, 2, 3, 4, 0, 0, 0, 8, 0, 10, 0, 0, 0, 14, 15, 0, 0, 18, 19, 0]"
637,"[1, 2, 0, 0, 0, 0, 7, 0, 0, 10, 11, 0, 0, 14, 0, 16, 0, 0, 0, 0]"
638,"[1, 0, 0, 0, 0, 6, 7, 0, 0, 0, 11, 0, 0, 0, 0, 0, 0, 18, 0, 20]"
639,"[1, 2, 0, 4, 0, 0, 7, 8, 9, 0, 0, 0, 0, 14, 15, 0, 0, 18, 0, 20]"
640,"[0, 0, 0, 4, 5, 6, 7, 0, 9, 0, 0, 12, 0, 0, 0, 0, 17, 0, 0, 0]"
641,"[0, 0, 0, 4, 5, 0, 0, 0, 9, 0, 11, 12, 0, 0, 0, 0, 17, 0, 0, 20]"
642,"[0, 0, 0, 0, 0, 0, 7, 0, 9, 0, 0, 12, 13, 0, 0, 0, 0, 18, 0, 0]"
643,"[0, 0, 3, 0, 5, 0, 7, 8, 0, 10, 0, 12, 0, 14, 15, 16, 17, 18, 0, 0]"
644,"[1, 0, 0, 0, 0, 0, 7, 0, 0, 0, 0, 12, 0, 14, 0, 0, 17, 18, 19, 0]"
645,"[1, 0, 3, 4, 0, 0, 0, 0, 9, 0, 11, 12, 13, 0, 15, 16, 0, 18, 19, 0]"
646,"[0, 0, 3, 0, 5, 6, 7, 8, 9, 0, 11, 12, 0, 0, 15, 16, 0, 0, 0, 20]"
647,"[0, 0, 3, 0, 5, 0, 0, 8, 0, 10, 11, 0, 0, 14, 15, 16, 0, 18, 0, 0]"
648,"[1, 0, 0, 4, 0, 6, 0, 8, 0, 0, 0, 12, 13, 0, 0, 0, 0, 0, 0, 0]"
649,"[1, 0, 3, 0, 0, 0, 0, 0, 0, 0, 0, 0, 0, 14, 0, 0, 0, 18, 0, 20]"
650,"[0, 0, 0, 4, 0, 0, 0, 8, 9, 0, 0, 0, 0, 0, 0, 0, 0, 0, 0, 0]"
651,"[0, 0, 0, 4, 5, 6, 7, 0, 0, 0, 0, 12, 13, 0, 15, 0, 17, 0, 19, 20]"
652,"[0, 0, 3, 4, 5, 0, 0, 8, 9, 10, 11, 12, 13, 14, 0, 16, 0, 18, 0, 0]"
653,"[0, 0, 3, 4, 5, 0, 7, 0, 0, 0, 11, 0, 0, 0, 15, 16, 0, 0, 19, 20]"
654,"[0, 0, 3, 4, 5, 0, 0, 0, 0, 10, 0, 0, 0, 0, 0, 16, 17, 0, 0, 20]"
655,"[1, 0, 3, 4, 0, 0, 7, 0, 9, 10, 11, 0, 0, 14, 0, 0, 0, 18, 19, 0]"
656,"[0, 0, 3, 0, 0, 6, 0, 8, 0, 0, 0, 0, 13, 0, 0, 0, 0, 0, 19, 0]"
657,"[0, 2, 0, 0, 5, 6, 0, 0, 0, 0, 0, 0, 13, 0, 0, 0, 0, 18, 0, 20]"
658,"[0, 0, 3, 0, 5, 0, 7, 0, 9, 0, 0, 0, 0, 0, 0, 16, 0, 18, 0, 0]"
659,"[0, 0, 0, 0, 0, 0, 7, 0, 0, 10, 11, 0, 0, 0, 0, 0, 0, 18, 0, 20]"
660,"[0, 2, 3, 4, 5, 0, 7, 0, 0, 0, 11, 12, 0, 0, 0, 16, 0, 0, 0, 0]"
661,"[1, 0, 3, 0, 5, 6, 0, 0, 9, 0, 0, 0, 0, 14, 15, 0, 17, 0, 19, 0]"
662,"[1, 0, 0, 0, 5, 0, 0, 0, 0, 0, 11, 12, 0, 0, 15, 16, 0, 0, 0, 0]"
663,"[1, 0, 0, 0, 0, 0, 0, 8, 0, 0, 0, 0, 0, 0, 0, 0, 0, 0, 0, 0]"
664,"[0, 2, 0, 0, 5, 6, 7, 0, 0, 10, 11, 0, 0, 14, 15, 16, 0, 18, 0, 20]"
665,"[0, 0, 0, 0, 0, 6, 0, 0, 9, 0, 11, 0, 13, 14, 0, 0, 17, 18, 19, 0]"
666,"[1, 2, 0, 0, 0, 6, 0, 8, 9, 10, 11, 12, 0, 0, 15, 16, 17, 0, 19, 0]"
667,"[0, 2, 0, 0, 5, 6, 7, 0, 9, 0, 0, 12, 0, 14, 15, 0, 0, 0, 0, 0]"
668,"[0, 0, 3, 0, 5, 0, 0, 0, 0, 0, 0, 0, 0, 0, 0, 0, 17, 0, 0, 0]"
669,"[1, 0, 0, 0, 0, 0, 0, 8, 0, 10, 0, 0, 13, 0, 15, 16, 0, 18, 0, 0]"
670,"[1, 0, 0, 0, 0, 0, 7, 0, 9, 0, 11, 0, 0, 0, 15, 16, 0, 0, 0, 20]"
671,"[0, 2, 3, 0, 5, 0, 0, 0, 0, 0, 0, 0, 0, 14, 15, 0, 17, 18, 19, 0]"
672,"[1, 0, 0, 0, 5, 0, 0, 0, 9, 0, 11, 0, 0, 14, 15, 16, 17, 18, 19, 20]"
673,"[0, 0, 3, 4, 0, 0, 7, 0, 0, 0, 11, 0, 13, 0, 15, 0, 17, 18, 19, 20]"
674,"[0, 2, 0, 4, 0, 6, 0, 8, 0, 0, 11, 0, 0, 14, 15, 16, 0, 0, 19, 0]"
675,"[1, 0, 3, 4, 0, 0, 7, 8, 0, 0, 11, 12, 0, 14, 15, 16, 17, 0, 0, 0]"
676,"[0, 0, 0, 0, 0, 0, 0, 8, 0, 0, 0, 0, 0, 0, 0, 0, 0, 0, 0, 0]"
677,"[1, 2, 0, 0, 0, 6, 0, 8, 0, 10, 0, 0, 13, 0, 15, 16, 17, 18, 0, 0]"
678,"[1, 2, 3, 0, 0, 0, 0, 8, 9, 10, 11, 12, 0, 0, 15, 0, 0, 0, 19, 0]"
679,"[0, 2, 3, 0, 5, 6, 0, 0, 0, 10, 11, 12, 0, 14, 15, 0, 0, 18, 0, 20]"
680,"[0, 0, 0, 0, 0, 0, 0, 8, 0, 0, 11, 0, 13, 0, 0, 0, 17, 18, 19, 20]"
681,"[0, 0, 0, 0, 5, 6, 0, 0, 0, 10, 11, 0, 0, 0, 0, 0, 0, 0, 19, 20]"
682,"[0, 0, 0, 0, 5, 6, 0, 0, 0, 0, 0, 0, 0, 0, 0, 16, 0, 18, 0, 20]"
683,"[0, 0, 3, 4, 5, 6, 0, 8, 0, 10, 0, 12, 0, 0, 0, 0, 0, 0, 19, 0]"
684,"[0, 2, 0, 0, 0, 0, 7, 8, 0, 0, 0, 0, 0, 0, 0, 0, 0, 0, 19, 20]"
685,"[1, 0, 0, 4, 0, 6, 0, 0, 9, 0, 0, 0, 0, 14, 0, 0, 17, 0, 0, 20]"
686,"[0, 0, 0, 0, 5, 0, 7, 0, 0, 10, 11, 0, 13, 14, 15, 0, 0, 0, 19, 20]"
687,"[1, 2, 3, 4, 0, 0, 0, 0, 0, 10, 0, 0, 0, 14, 15, 16, 17, 18, 19, 20]"
688,"[1, 2, 3, 0, 5, 0, 0, 0, 9, 10, 0, 0, 0, 0, 15, 16, 17, 18, 0, 0]"
689,"[1, 0, 0, 0, 5, 0, 0, 0, 0, 0, 0, 12, 13, 14, 15, 16, 17, 0, 0, 0]"
690,"[0, 0, 3, 4, 5, 0, 0, 0, 9, 0, 0, 0, 13, 14, 15, 0, 0, 0, 0, 0]"
691,"[0, 0, 0, 0, 5, 0, 7, 0, 0, 0, 0, 12, 13, 0, 0, 0, 17, 0, 0, 20]"
692,"[1, 0, 0, 0, 0, 0, 7, 0, 9, 0, 0, 0, 13, 14, 0, 0, 17, 18, 19, 20]"
693,"[0, 2, 3, 0, 0, 6, 0, 0, 0, 0, 0, 0, 13, 0, 0, 0, 17, 0, 0, 0]"
694,"[1, 0, 0, 0, 5, 0, 7, 8, 0, 0, 0, 0, 0, 14, 0, 0, 0, 0, 0, 0]"
695,"[1, 2, 3, 0, 0, 0, 0, 0, 0, 10, 0, 0, 13, 0, 0, 0, 0, 18, 0, 0]"
696,"[1, 0, 0, 0, 5, 6, 0, 0, 0, 0, 0, 0, 0, 14, 0, 16, 17, 0, 0, 20]"
697,"[0, 0, 3, 4, 0, 6, 0, 8, 9, 0, 0, 0, 0, 0, 0, 16, 0, 0, 0, 0]"
698,"[1, 0, 0, 4, 5, 0, 0, 0, 9, 10, 11, 0, 0, 0, 0, 16, 0, 0, 19, 0]"
699,"[0, 0, 3, 0, 0, 0, 0, 8, 9, 10, 0, 12, 13, 14, 0, 16, 0, 18, 19, 0]"
700,"[1, 0, 0, 4, 0, 0, 7, 0, 0, 10, 0, 0, 13, 14, 15, 16, 0, 18, 0, 0]"
701,"[0, 0, 0, 0, 5, 0, 0, 8, 0, 0, 11, 12, 0, 14, 0, 0, 17, 18, 0, 20]"
702,"[0, 0, 3, 0, 0, 0, 0, 0, 0, 0, 0, 0, 0, 0, 0, 16, 0, 18, 19, 0]"
703,"[1, 2, 0, 0, 0, 6, 7, 0, 9, 0, 0, 12, 0, 14, 0, 0, 17, 18, 0, 20]"
704,"[0, 2, 3, 4, 5, 6, 0, 8, 9, 0, 0, 0, 13, 14, 15, 0, 17, 18, 0, 0]"
705,"[0, 2, 3, 0, 0, 0, 0, 0, 9, 0, 0, 12, 0, 0, 0, 16, 17, 18, 19, 0]"
706,"[0, 0, 0, 0, 5, 6, 0, 8, 0, 0, 0, 0, 0, 0, 0, 0, 17, 0, 0, 20]"
707,"[0, 2, 3, 0, 5, 0, 0, 0, 9, 10, 11, 0, 0, 0, 0, 0, 0, 0, 19, 20]"
708,"[0, 0, 0, 0, 0, 6, 0, 8, 0, 0, 0, 12, 13, 0, 15, 0, 0, 0, 19, 20]"
709,"[0, 0, 0, 0, 0, 0, 0, 8, 0, 0, 11, 0, 0, 14, 15, 0, 0, 0, 0, 20]"
710,"[0, 2, 3, 4, 5, 6, 7, 0, 0, 10, 0, 0, 13, 14, 15, 0, 0, 18, 0, 0]"
711,"[0, 0, 3, 4, 5, 0, 7, 8, 0, 10, 11, 0, 0, 0, 0, 0, 17, 0, 19, 20]"
712,"[1, 0, 0, 0, 0, 6, 7, 0, 9, 10, 11, 12, 0, 0, 0, 16, 0, 18, 19, 0]"
713,"[0, 2, 0, 4, 5, 0, 0, 0, 0, 0, 0, 0, 0, 14, 15, 0, 17, 0, 19, 20]"
714,"[0, 2, 3, 0, 5, 6, 0, 0, 9, 10, 11, 12, 13, 14, 0, 0, 0, 0, 19, 0]"
715,"[0, 2, 3, 4, 5, 0, 7, 8, 9, 10, 0, 0, 0, 0, 0, 0, 0, 0, 0, 0]"
716,"[1, 0, 3, 4, 0, 0, 7, 8, 0, 10, 0, 0, 13, 0, 0, 0, 0, 18, 0, 0]"
717,"[0, 0, 0, 0, 0, 6, 7, 0, 0, 0, 0, 0, 0, 0, 0, 16, 17, 18, 0, 20]"
718,"[1, 0, 0, 4, 5, 6, 0, 0, 0, 10, 0, 0, 13, 14, 0, 0, 0, 0, 0, 20]"
719,"[0, 0, 0, 4, 0, 0, 7, 0, 0, 0, 0, 0, 13, 0, 0, 0, 17, 0, 19, 20]"
720,"[1, 2, 3, 4, 0, 0, 7, 0, 0, 10, 0, 12, 0, 0, 15, 0, 0, 18, 0, 20]"
721,"[1, 2, 3, 0, 0, 0, 0, 8, 0, 10, 0, 0, 13, 0, 15, 0, 0, 18, 19, 20]"
722,"[1, 0, 3, 0, 0, 0, 0, 0, 0, 10, 11, 0, 13, 14, 15, 0, 17, 18, 0, 0]"
723,"[1, 0, 0, 0, 0, 6, 7, 0, 9, 0, 0, 12, 0, 0, 0, 0, 0, 0, 0, 20]"
724,"[1, 0, 0, 4, 5, 0, 0, 0, 0, 0, 11, 0, 13, 0, 0, 16, 0, 0, 19, 0]"
725,"[1, 0, 3, 0, 5, 0, 7, 8, 9, 0, 0, 12, 13, 14, 15, 16, 0, 18, 0, 20]"
726,"[0, 2, 3, 0, 0, 6, 0, 0, 9, 0, 0, 0, 0, 0, 0, 0, 0, 0, 0, 20]"
727,"[0, 0, 3, 0, 5, 0, 0, 8, 0, 0, 11, 0, 0, 0, 0, 0, 0, 0, 19, 0]"
728,"[0, 2, 3, 0, 0, 0, 0, 0, 9, 10, 0, 0, 13, 14, 0, 0, 0, 0, 0, 0]"
729,"[0, 0, 0, 0, 0, 0, 0, 0, 9, 10, 0, 12, 13, 14, 0, 0, 0, 0, 19, 0]"
730,"[0, 0, 0, 4, 5, 0, 0, 0, 9, 0, 0, 12, 0, 14, 0, 0, 0, 0, 0, 20]"
731,"[1, 0, 0, 0, 0, 0, 0, 0, 0, 10, 11, 12, 0, 14, 15, 16, 0, 0, 19, 20]"
732,"[0, 2, 3, 4, 5, 0, 0, 8, 0, 10, 0, 12, 13, 0, 0, 0, 0, 0, 0, 0]"
733,"[0, 2, 0, 0, 0, 0, 7, 0, 0, 10, 0, 12, 0, 14, 15, 16, 0, 18, 19, 0]"
734,"[0, 2, 0, 0, 5, 0, 7, 8, 9, 0, 11, 0, 0, 0, 15, 16, 0, 0, 0, 20]"
735,"[1, 0, 3, 0, 5, 0, 0, 0, 0, 10, 11, 0, 0, 0, 15, 16, 0, 18, 19, 20]"
736,"[0, 0, 0, 0, 5, 0, 7, 0, 0, 0, 0, 0, 13, 14, 0, 16, 0, 18, 19, 20]"
737,"[0, 2, 0, 0, 5, 0, 0, 8, 9, 10, 11, 0, 0, 14, 15, 16, 0, 18, 0, 0]"
738,"[1, 0, 3, 0, 5, 0, 0, 8, 9, 10, 0, 12, 0, 0, 15, 0, 0, 18, 0, 0]"
739,"[0, 2, 3, 0, 5, 6, 0, 8, 0, 10, 0, 0, 0, 0, 15, 16, 0, 18, 0, 0]"
740,"[0, 0, 3, 4, 0, 0, 0, 8, 0, 0, 11, 12, 0, 0, 0, 16, 17, 0, 0, 20]"
741,"[0, 2, 0, 4, 0, 0, 0, 8, 9, 10, 0, 12, 0, 0, 0, 0, 0, 0, 0, 20]"
742,"[1, 2, 0, 4, 0, 6, 7, 0, 0, 10, 0, 0, 0, 0, 0, 16, 17, 0, 19, 0]"
743,"[0, 2, 0, 0, 0, 6, 0, 0, 9, 0, 0, 12, 0, 14, 0, 0, 0, 18, 0, 0]"
744,"[0, 2, 0, 4, 5, 0, 7, 0, 0, 10, 11, 0, 13, 0, 0, 16, 0, 0, 0, 20]"
745,"[0, 2, 0, 0, 5, 6, 0, 8, 9, 0, 0, 0, 0, 0, 15, 16, 0, 0, 19, 20]"
746,"[1, 2, 0, 4, 5, 6, 7, 0, 0, 10, 11, 12, 0, 0, 0, 16, 17, 18, 0, 20]"
747,"[0, 0, 0, 0, 0, 0, 7, 8, 9, 10, 0, 0, 13, 0, 15, 0, 17, 0, 19, 0]"
748,"[1, 0, 0, 4, 0, 6, 0, 8, 0, 0, 0, 0, 0, 0, 15, 0, 0, 0, 0, 0]"
749,"[0, 2, 3, 0, 0, 6, 0, 0, 0, 10, 11, 0, 0, 14, 15, 0, 0, 0, 0, 0]"
750,"[0, 0, 3, 0, 5, 0, 0, 8, 0, 10, 0, 0, 13, 14, 0, 16, 0, 18, 0, 20]"
751,"[0, 2, 0, 0, 0, 0, 0, 0, 0, 10, 11, 12, 13, 0, 0, 0, 0, 0, 19, 20]"
752,"[1, 0, 3, 0, 5, 6, 0, 8, 0, 0, 0, 12, 0, 14, 15, 0, 17, 0, 19, 0]"
753,"[0, 0, 3, 0, 5, 6, 0, 0, 0, 0, 11, 0, 0, 0, 15, 0, 0, 18, 0, 20]"
754,"[1, 0, 0, 0, 5, 0, 7, 0, 0, 10, 0, 12, 0, 0, 15, 16, 17, 0, 19, 0]"
755,"[1, 2, 3, 4, 5, 0, 0, 8, 9, 10, 11, 0, 13, 0, 15, 0, 0, 18, 0, 0]"
756,"[1, 2, 3, 0, 0, 6, 0, 0, 9, 0, 0, 0, 13, 14, 0, 16, 0, 0, 0, 20]"
757,"[1, 0, 3, 0, 0, 6, 0, 8, 0, 0, 0, 0, 0, 0, 15, 16, 0, 18, 0, 20]"
758,"[0, 2, 3, 0, 0, 0, 0, 0, 0, 10, 11, 0, 13, 14, 0, 0, 17, 0, 0, 20]"
759,"[0, 2, 0, 4, 0, 0, 7, 0, 0, 0, 0, 12, 0, 14, 0, 0, 0, 18, 19, 0]"
760,"[1, 0, 0, 4, 5, 6, 7, 0, 0, 0, 0, 0, 0, 0, 15, 0, 0, 18, 0, 0]"
761,"[1, 0, 0, 0, 5, 6, 7, 8, 0, 0, 0, 0, 13, 0, 15, 0, 17, 0, 19, 0]"
762,"[0, 0, 0, 4, 5, 6, 7, 8, 9, 10, 11, 0, 13, 14, 0, 16, 17, 18, 0, 20]"
763,"[0, 0, 0, 0, 5, 0, 7, 0, 9, 0, 11, 0, 13, 0, 0, 0, 17, 0, 0, 0]"
764,"[1, 0, 3, 0, 0, 6, 0, 8, 0, 0, 0, 0, 13, 0, 0, 16, 0, 0, 0, 0]"
765,"[0, 2, 0, 4, 0, 0, 7, 0, 0, 0, 0, 12, 13, 14, 0, 16, 17, 0, 19, 20]"
766,"[1, 0, 0, 4, 0, 0, 7, 0, 0, 10, 0, 12, 0, 0, 0, 0, 17, 0, 0, 20]"
767,"[1, 0, 0, 0, 5, 6, 0, 8, 9, 0, 0, 0, 13, 14, 15, 0, 0, 0, 0, 20]"
768,"[0, 0, 3, 4, 0, 0, 0, 0, 0, 0, 11, 0, 0, 0, 0, 16, 0, 18, 19, 20]"
769,"[0, 0, 0, 4, 0, 6, 0, 0, 0, 0, 0, 0, 13, 0, 15, 0, 0, 18, 0, 0]"
770,"[1, 0, 0, 0, 0, 0, 7, 8, 0, 0, 11, 12, 13, 0, 15, 0, 17, 18, 19, 20]"
771,"[0, 0, 3, 0, 0, 0, 0, 0, 9, 0, 0, 0, 13, 14, 15, 0, 0, 0, 19, 0]"
772,"[0, 0, 3, 4, 0, 0, 0, 0, 9, 0, 11, 0, 13, 0, 15, 16, 17, 0, 0, 20]"
773,"[1, 2, 3, 0, 0, 0, 0, 0, 0, 10, 0, 12, 0, 14, 0, 0, 0, 0, 19, 20]"
774,"[1, 0, 3, 0, 5, 0, 0, 0, 9, 10, 0, 12, 0, 0, 0, 16, 17, 0, 0, 0]"
775,"[0, 2, 0, 4, 5, 0, 7, 8, 0, 0, 0, 0, 0, 0, 0, 16, 17, 0, 0, 0]"
776,"[1, 0, 3, 4, 0, 0, 7, 0, 9, 0, 0, 0, 13, 0, 0, 16, 0, 0, 0, 0]"
777,"[0, 0, 0, 0, 0, 6, 0, 0, 0, 10, 11, 12, 0, 0, 15, 16, 0, 0, 19, 20]"
778,"[1, 2, 3, 4, 5, 6, 0, 0, 0, 10, 11, 0, 0, 0, 15, 0, 0, 18, 0, 0]"
779,"[0, 0, 3, 0, 0, 6, 0, 8, 0, 0, 0, 0, 13, 14, 0, 0, 0, 18, 0, 20]"
780,"[0, 0, 3, 0, 5, 6, 7, 8, 0, 10, 0, 0, 0, 0, 0, 0, 17, 18, 19, 0]"
781,"[0, 0, 3, 0, 5, 0, 7, 8, 0, 0, 0, 12, 0, 14, 15, 0, 17, 18, 19, 0]"
782,"[0, 0, 0, 0, 0, 6, 0, 8, 9, 0, 0, 12, 0, 14, 0, 0, 0, 0, 0, 0]"
783,"[0, 0, 0, 0, 0, 0, 7, 0, 0, 0, 11, 12, 13, 14, 15, 0, 17, 18, 0, 20]"
784,"[1, 0, 0, 0, 0, 0, 7, 8, 9, 0, 0, 0, 0, 14, 0, 16, 17, 0, 0, 20]"
785,"[1, 2, 3, 4, 5, 0, 7, 0, 0, 0, 11, 0, 13, 0, 15, 16, 0, 0, 19, 20]"
786,"[1, 0, 0, 4, 5, 0, 7, 0, 0, 0, 0, 12, 13, 0, 0, 16, 0, 0, 19, 0]"
787,"[0, 2, 3, 4, 5, 0, 7, 0, 0, 0, 0, 0, 0, 14, 15, 0, 17, 18, 0, 20]"
788,"[1, 0, 0, 0, 0, 6, 0, 8, 0, 10, 11, 0, 0, 14, 15, 0, 0, 0, 19, 0]"
789,"[0, 0, 3, 0, 0, 6, 0, 0, 9, 10, 0, 0, 13, 0, 0, 16, 0, 0, 19, 20]"
790,"[1, 0, 0, 4, 0, 0, 7, 8, 0, 10, 11, 12, 13, 14, 15, 0, 0, 0, 0, 20]"
791,"[0, 2, 0, 0, 0, 0, 0, 0, 0, 0, 11, 12, 0, 14, 15, 0, 0, 0, 0, 20]"
792,"[0, 2, 0, 0, 0, 0, 0, 8, 0, 10, 0, 0, 0, 0, 0, 16, 17, 18, 0, 20]"
793,"[1, 0, 0, 4, 0, 0, 0, 0, 0, 0, 0, 12, 0, 14, 0, 16, 17, 18, 0, 0]"
794,"[1, 0, 3, 0, 5, 0, 0, 0, 9, 10, 0, 0, 13, 0, 15, 16, 17, 0, 0, 0]"
795,"[1, 0, 3, 0, 0, 0, 0, 0, 9, 10, 0, 0, 13, 0, 15, 0, 0, 18, 0, 0]"
796,"[0, 2, 3, 4, 0, 6, 0, 8, 0, 0, 11, 12, 13, 0, 0, 0, 0, 0, 19, 20]"
797,"[1, 2, 0, 4, 0, 6, 0, 0, 0, 10, 0, 0, 0, 0, 15, 16, 17, 0, 19, 20]"
798,"[1, 0, 0, 4, 5, 0, 0, 0, 9, 10, 0, 0, 0, 14, 0, 0, 0, 0, 0, 20]"
799,"[0, 2, 0, 0, 0, 6, 0, 0, 0, 10, 11, 0, 0, 14, 0, 0, 0, 0, 0, 20]"
800,"[0, 2, 0, 0, 0, 0, 0, 0, 9, 0, 0, 12, 13, 14, 15, 16, 0, 0, 0, 0]"
801,"[0, 2, 0, 4, 0, 6, 0, 8, 0, 10, 11, 0, 0, 0, 15, 0, 0, 0, 19, 0]"
802,"[1, 0, 0, 4, 0, 0, 0, 0, 0, 10, 0, 0, 13, 14, 15, 0, 17, 0, 0, 0]"
803,"[1, 0, 3, 0, 0, 6, 0, 0, 9, 10, 0, 12, 0, 0, 0, 0, 17, 0, 19, 20]"
804,"[1, 0, 0, 4, 5, 6, 0, 0, 9, 10, 0, 12, 0, 0, 15, 0, 0, 0, 0, 0]"
805,"[1, 0, 3, 0, 0, 6, 7, 8, 9, 0, 0, 12, 0, 0, 0, 0, 0, 18, 0, 0]"
806,"[0, 2, 0, 4, 0, 0, 0, 8, 9, 10, 11, 0, 13, 14, 0, 0, 17, 18, 0, 0]"
807,"[0, 0, 0, 0, 5, 0, 0, 8, 9, 0, 11, 12, 0, 14, 15, 0, 17, 0, 19, 0]"
808,"[0, 0, 3, 4, 5, 0, 7, 0, 9, 10, 0, 0, 13, 0, 0, 0, 0, 18, 19, 0]"
809,"[0, 2, 3, 0, 0, 0, 0, 8, 0, 0, 11, 0, 0, 0, 15, 16, 0, 18, 0, 20]"
810,"[0, 0, 0, 0, 5, 0, 0, 0, 9, 0, 11, 12, 13, 14, 0, 0, 0, 18, 0, 0]"
811,"[1, 0, 3, 4, 0, 0, 0, 8, 9, 0, 11, 0, 0, 0, 0, 0, 0, 0, 0, 0]"
812,"[1, 0, 3, 0, 0, 0, 0, 0, 0, 0, 11, 12, 13, 14, 0, 0, 17, 18, 0, 0]"
813,"[0, 0, 0, 0, 0, 6, 7, 0, 0, 0, 0, 0, 13, 14, 0, 0, 0, 0, 19, 20]"
814,"[0, 0, 0, 0, 5, 0, 0, 0, 0, 10, 11, 12, 0, 0, 15, 16, 0, 0, 0, 0]"
815,"[1, 0, 0, 0, 0, 6, 0, 0, 9, 10, 0, 0, 0, 14, 15, 16, 0, 0, 0, 0]"
816,"[1, 0, 0, 4, 0, 6, 7, 0, 0, 10, 0, 0, 0, 0, 15, 16, 0, 0, 19, 20]"
817,"[0, 0, 0, 4, 5, 0, 0, 0, 9, 0, 11, 12, 0, 0, 0, 16, 17, 18, 19, 0]"
818,"[0, 0, 0, 0, 0, 6, 7, 8, 9, 10, 0, 0, 0, 14, 0, 16, 17, 0, 19, 20]"
819,"[1, 0, 0, 0, 0, 0, 7, 8, 9, 10, 0, 0, 0, 0, 15, 16, 0, 18, 0, 0]"
820,"[1, 0, 3, 0, 0, 6, 7, 8, 0, 10, 11, 0, 0, 14, 0, 0, 17, 0, 0, 0]"
821,"[0, 0, 0, 4, 0, 6, 7, 0, 0, 0, 11, 12, 0, 0, 15, 16, 0, 0, 19, 0]"
822,"[0, 0, 3, 4, 0, 6, 7, 8, 0, 10, 11, 12, 0, 0, 0, 0, 17, 0, 0, 20]"
823,"[0, 2, 0, 4, 0, 0, 7, 8, 0, 0, 0, 12, 0, 14, 0, 0, 17, 0, 0, 0]"
824,"[0, 0, 3, 4, 0, 6, 0, 8, 0, 0, 0, 0, 13, 14, 0, 0, 0, 0, 0, 20]"
825,"[1, 0, 0, 4, 5, 6, 7, 8, 0, 10, 11, 0, 0, 0, 0, 16, 17, 0, 0, 0]"
826,"[1, 0, 3, 0, 0, 0, 7, 8, 9, 0, 0, 0, 0, 0, 0, 16, 17, 18, 19, 0]"
827,"[0, 0, 0, 4, 0, 6, 0, 0, 9, 0, 11, 0, 0, 14, 0, 0, 0, 18, 19, 20]"
828,"[0, 0, 3, 0, 5, 0, 0, 8, 0, 0, 0, 0, 0, 0, 0, 16, 0, 0, 0, 0]"
829,"[0, 0, 0, 0, 0, 0, 7, 0, 0, 10, 0, 0, 0, 14, 0, 16, 0, 0, 0, 0]"
830,"[1, 0, 0, 4, 5, 0, 0, 0, 0, 0, 11, 0, 0, 0, 0, 0, 17, 0, 0, 0]"
831,"[0, 0, 0, 0, 0, 0, 7, 8, 0, 10, 0, 0, 0, 0, 0, 0, 17, 0, 19, 0]"
832,"[0, 2, 3, 0, 0, 0, 7, 0, 0, 0, 11, 12, 13, 0, 0, 16, 17, 0, 19, 0]"
833,"[0, 0, 3, 0, 0, 0, 7, 8, 9, 0, 11, 0, 13, 14, 0, 16, 0, 0, 0, 0]"
834,"[1, 2, 0, 4, 0, 6, 0, 0, 9, 10, 0, 0, 0, 14, 0, 16, 0, 0, 19, 20]"
835,"[1, 0, 0, 4, 0, 6, 7, 0, 0, 0, 11, 0, 13, 14, 0, 0, 0, 0, 19, 0]"
836,"[0, 0, 3, 0, 5, 0, 7, 8, 9, 10, 11, 12, 0, 14, 0, 16, 0, 18, 0, 0]"
837,"[1, 2, 0, 0, 0, 0, 7, 0, 0, 10, 0, 0, 13, 0, 15, 0, 0, 0, 0, 0]"
838,"[1, 0, 0, 0, 0, 6, 7, 8, 0, 10, 0, 0, 0, 14, 0, 0, 17, 0, 19, 0]"
839,"[0, 2, 0, 0, 0, 6, 7, 0, 9, 10, 0, 12, 13, 0, 15, 16, 0, 0, 0, 20]"
840,"[0, 2, 0, 0, 0, 6, 7, 0, 0, 0, 0, 0, 0, 0, 0, 16, 17, 0, 0, 20]"
841,"[0, 0, 3, 4, 5, 0, 0, 0, 9, 10, 0, 0, 0, 0, 0, 0, 0, 0, 0, 0]"
842,"[0, 0, 0, 0, 5, 0, 0, 8, 9, 10, 0, 0, 0, 0, 15, 0, 17, 0, 0, 20]"
843,"[0, 2, 3, 0, 5, 0, 0, 8, 0, 0, 11, 12, 13, 0, 0, 0, 0, 0, 0, 0]"
844,"[0, 0, 0, 4, 0, 0, 0, 0, 0, 0, 0, 12, 0, 14, 0, 16, 0, 18, 0, 20]"
845,"[0, 0, 3, 4, 0, 6, 0, 8, 0, 10, 11, 0, 13, 14, 0, 0, 0, 0, 0, 0]"
846,"[0, 2, 3, 0, 0, 0, 7, 0, 0, 10, 11, 0, 13, 0, 15, 0, 0, 0, 0, 0]"
847,"[0, 0, 3, 0, 0, 6, 0, 8, 0, 0, 11, 0, 13, 0, 15, 0, 0, 0, 19, 0]"
848,"[0, 2, 0, 0, 5, 6, 7, 0, 0, 0, 0, 12, 13, 0, 0, 16, 0, 0, 0, 20]"
849,"[0, 0, 3, 0, 5, 6, 7, 8, 0, 0, 11, 0, 13, 0, 0, 16, 0, 0, 0, 0]"
850,"[0, 0, 0, 0, 5, 0, 7, 8, 0, 0, 0, 12, 0, 0, 0, 16, 17, 18, 19, 0]"
851,"[1, 0, 3, 4, 0, 0, 0, 0, 9, 0, 11, 0, 13, 14, 15, 0, 0, 18, 19, 0]"
852,"[0, 2, 0, 0, 0, 0, 0, 8, 0, 0, 11, 12, 0, 14, 0, 0, 17, 0, 0, 0]"
853,"[0, 0, 0, 4, 0, 0, 0, 0, 0, 10, 11, 12, 0, 0, 0, 16, 0, 18, 0, 0]"
854,"[0, 2, 3, 4, 5, 6, 7, 8, 0, 10, 11, 0, 0, 0, 0, 0, 0, 0, 19, 0]"
855,"[1, 0, 3, 0, 5, 6, 0, 8, 9, 10, 11, 0, 0, 0, 0, 0, 0, 0, 19, 0]"
856,"[1, 2, 0, 4, 0, 0, 0, 0, 0, 0, 0, 0, 0, 14, 0, 16, 17, 0, 0, 0]"
857,"[0, 2, 0, 4, 0, 0, 7, 0, 0, 0, 0, 12, 13, 0, 0, 0, 0, 0, 19, 0]"
858,"[0, 2, 0, 0, 0, 0, 0, 0, 0, 0, 0, 0, 0, 0, 0, 0, 0, 18, 19, 0]"
859,"[0, 2, 3, 0, 0, 6, 7, 8, 0, 0, 0, 0, 0, 0, 15, 16, 0, 0, 0, 0]"
860,"[1, 0, 3, 4, 0, 0, 0, 0, 0, 0, 0, 0, 0, 14, 15, 0, 0, 0, 0, 0]"
861,"[1, 0, 3, 4, 0, 6, 0, 8, 0, 10, 0, 0, 13, 0, 0, 0, 17, 18, 0, 0]"
862,"[0, 0, 0, 4, 0, 6, 0, 8, 9, 0, 0, 12, 0, 14, 0, 0, 17, 0, 19, 0]"
863,"[1, 2, 0, 4, 5, 0, 7, 0, 9, 10, 0, 0, 0, 14, 15, 0, 0, 0, 0, 0]"
864,"[0, 2, 0, 4, 0, 6, 0, 0, 0, 0, 11, 0, 0, 0, 0, 0, 17, 18, 19, 0]"
865,"[0, 2, 0, 0, 5, 0, 7, 8, 9, 0, 0, 0, 0, 0, 15, 16, 0, 18, 19, 0]"
866,"[1, 0, 3, 0, 0, 0, 0, 8, 9, 10, 0, 0, 0, 0, 15, 0, 0, 18, 0, 0]"
867,"[0, 0, 3, 0, 0, 6, 7, 0, 0, 10, 0, 0, 0, 0, 0, 0, 17, 18, 19, 0]"
868,"[1, 2, 3, 0, 5, 0, 0, 0, 9, 0, 11, 0, 0, 0, 0, 16, 0, 18, 19, 0]"
869,"[0, 0, 3, 4, 5, 0, 7, 0, 0, 10, 0, 0, 13, 0, 15, 0, 0, 0, 0, 0]"
870,"[0, 0, 0, 0, 5, 6, 0, 0, 9, 0, 11, 0, 0, 0, 0, 0, 0, 0, 19, 0]"
871,"[1, 0, 3, 0, 0, 0, 0, 8, 0, 0, 0, 12, 13, 14, 0, 16, 17, 0, 19, 20]"
872,"[0, 0, 0, 4, 0, 6, 7, 8, 9, 0, 11, 0, 13, 14, 15, 16, 17, 0, 0, 0]"
873,"[0, 2, 0, 4, 0, 6, 0, 8, 9, 10, 11, 12, 0, 0, 0, 0, 17, 0, 19, 0]"
874,"[0, 0, 0, 0, 5, 6, 0, 0, 9, 0, 0, 12, 13, 14, 0, 16, 0, 0, 0, 0]"
875,"[0, 2, 3, 0, 0, 0, 0, 8, 0, 10, 0, 0, 0, 0, 0, 0, 0, 18, 0, 20]"
876,"[0, 0, 0, 0, 5, 0, 7, 0, 0, 0, 0, 0, 13, 0, 0, 16, 17, 0, 0, 0]"
877,"[0, 0, 0, 0, 0, 0, 0, 8, 9, 10, 11, 12, 13, 0, 0, 0, 0, 0, 0, 0]"
878,"[1, 2, 0, 0, 0, 0, 0, 8, 9, 10, 0, 12, 0, 14, 15, 0, 17, 0, 0, 0]"
879,"[1, 2, 3, 4, 5, 6, 7, 0, 9, 10, 0, 0, 0, 0, 0, 16, 0, 0, 0, 0]"
880,"[1, 0, 3, 4, 5, 0, 7, 0, 9, 10, 0, 0, 0, 0, 0, 0, 0, 18, 0, 0]"
881,"[1, 2, 3, 4, 0, 0, 0, 0, 0, 0, 11, 0, 13, 0, 0, 16, 0, 18, 0, 20]"
882,"[1, 0, 0, 0, 5, 0, 0, 8, 0, 0, 0, 0, 0, 0, 0, 16, 0, 0, 19, 0]"
883,"[0, 0, 3, 0, 5, 0, 0, 0, 0, 0, 11, 0, 0, 14, 0, 0, 0, 18, 19, 20]"
884,"[1, 0, 3, 0, 0, 0, 0, 8, 9, 10, 11, 0, 13, 0, 0, 0, 17, 0, 0, 20]"
885,"[1, 0, 0, 0, 0, 6, 0, 0, 0, 10, 0, 0, 0, 14, 0, 0, 0, 0, 19, 20]"
886,"[1, 2, 0, 4, 0, 6, 0, 8, 0, 0, 11, 0, 0, 14, 15, 0, 17, 0, 19, 0]"
887,"[0, 0, 3, 4, 0, 6, 7, 0, 0, 10, 11, 0, 13, 0, 15, 0, 0, 0, 0, 0]"
888,"[1, 0, 0, 4, 0, 6, 0, 8, 0, 10, 11, 0, 0, 0, 0, 0, 0, 0, 0, 0]"
889,"[1, 0, 0, 4, 5, 6, 7, 0, 0, 10, 0, 0, 13, 0, 0, 0, 0, 0, 19, 0]"
890,"[0, 2, 0, 4, 0, 0, 7, 8, 9, 0, 0, 0, 0, 0, 0, 0, 0, 0, 0, 0]"
891,"[1, 2, 3, 4, 0, 6, 7, 8, 9, 0, 0, 0, 0, 0, 0, 0, 17, 18, 0, 20]"
892,"[0, 0, 0, 0, 0, 0, 0, 0, 0, 10, 0, 12, 0, 14, 15, 0, 0, 0, 0, 20]"
893,"[0, 0, 0, 0, 5, 0, 7, 0, 0, 0, 0, 0, 13, 0, 15, 0, 0, 0, 0, 20]"
894,"[0, 0, 0, 4, 0, 0, 0, 0, 0, 10, 0, 0, 0, 14, 0, 16, 0, 18, 0, 0]"
895,"[1, 2, 3, 4, 0, 6, 7, 0, 9, 0, 11, 0, 13, 14, 15, 0, 0, 0, 19, 20]"
896,"[0, 2, 3, 4, 0, 6, 0, 8, 0, 10, 0, 12, 0, 0, 15, 0, 0, 0, 0, 20]"
897,"[0, 2, 0, 0, 0, 0, 0, 8, 9, 0, 0, 12, 13, 0, 0, 0, 0, 0, 0, 0]"
898,"[1, 2, 3, 4, 5, 0, 0, 8, 9, 10, 0, 12, 13, 0, 0, 16, 17, 0, 19, 20]"
899,"[0, 0, 0, 0, 0, 0, 7, 0, 9, 10, 11, 0, 0, 0, 15, 0, 17, 0, 0, 0]"
900,"[1, 0, 0, 0, 0, 6, 0, 0, 9, 0, 0, 12, 13, 0, 15, 0, 0, 18, 0, 0]"
901,"[0, 0, 3, 0, 5, 6, 0, 8, 0, 0, 11, 0, 13, 0, 0, 0, 17, 0, 0, 0]"
902,"[0, 0, 0, 4, 0, 0, 0, 0, 0, 0, 0, 0, 13, 14, 0, 0, 0, 18, 0, 0]"
903,"[1, 0, 0, 0, 5, 0, 0, 0, 9, 0, 11, 0, 0, 0, 0, 16, 0, 18, 19, 20]"
904,"[0, 2, 0, 0, 5, 6, 0, 0, 0, 0, 0, 12, 0, 14, 15, 16, 17, 0, 0, 0]"
905,"[0, 2, 0, 0, 5, 0, 7, 0, 9, 0, 0, 12, 13, 0, 15, 0, 0, 0, 0, 20]"
906,"[0, 0, 0, 0, 5, 0, 7, 0, 9, 10, 11, 0, 0, 14, 0, 16, 0, 18, 19, 0]"
907,"[0, 2, 0, 0, 0, 6, 7, 0, 9, 10, 11, 0, 0, 0, 0, 0, 17, 18, 19, 0]"
908,"[0, 0, 0, 4, 0, 6, 0, 8, 9, 0, 0, 0, 13, 0, 0, 16, 0, 18, 19, 0]"
909,"[0, 0, 3, 4, 0, 0, 0, 0, 0, 0, 11, 0, 0, 0, 0, 0, 17, 18, 0, 0]"
910,"[0, 0, 3, 0, 0, 0, 7, 0, 9, 10, 0, 12, 0, 0, 0, 16, 0, 18, 19, 20]"
911,"[0, 2, 0, 0, 5, 6, 0, 0, 9, 10, 11, 12, 13, 14, 0, 16, 0, 18, 0, 20]"
912,"[0, 2, 3, 0, 5, 6, 7, 0, 0, 10, 0, 12, 0, 14, 0, 0, 0, 18, 0, 0]"
913,"[1, 2, 3, 4, 5, 0, 0, 0, 0, 0, 0, 12, 0, 0, 0, 16, 17, 0, 19, 0]"
914,"[0, 0, 3, 0, 0, 0, 0, 0, 0, 0, 0, 0, 0, 14, 0, 0, 17, 0, 0, 0]"
915,"[1, 0, 0, 4, 5, 0, 7, 0, 0, 0, 0, 12, 0, 14, 0, 0, 0, 0, 19, 20]"
916,"[1, 2, 0, 0, 0, 6, 0, 8, 9, 0, 0, 0, 0, 0, 15, 0, 0, 0, 0, 20]"
917,"[0, 0, 0, 0, 5, 0, 0, 0, 0, 10, 0, 0, 13, 0, 15, 0, 0, 18, 19, 0]"
918,"[1, 0, 3, 0, 5, 0, 0, 0, 0, 10, 11, 12, 0, 0, 0, 0, 17, 0, 19, 20]"
919,"[0, 0, 0, 0, 0, 0, 7, 8, 9, 0, 0, 12, 13, 14, 0, 0, 17, 0, 19, 0]"
920,"[0, 2, 0, 0, 5, 0, 0, 8, 9, 0, 0, 0, 0, 0, 15, 0, 17, 18, 19, 0]"
921,"[0, 2, 0, 0, 0, 0, 0, 8, 9, 0, 0, 12, 0, 14, 0, 16, 17, 0, 0, 0]"
922,"[0, 0, 3, 4, 5, 0, 0, 0, 9, 0, 0, 12, 13, 0, 15, 16, 0, 18, 19, 0]"
923,"[1, 2, 0, 0, 0, 0, 0, 0, 9, 0, 0, 0, 0, 0, 15, 0, 0, 0, 0, 0]"
924,"[0, 0, 0, 4, 5, 6, 0, 8, 9, 10, 0, 0, 0, 14, 0, 0, 0, 18, 19, 20]"
925,"[1, 0, 0, 0, 0, 6, 0, 8, 9, 0, 0, 0, 0, 0, 15, 16, 0, 0, 19, 0]"
926,"[1, 2, 0, 4, 0, 6, 7, 0, 9, 10, 0, 0, 0, 0, 15, 0, 0, 0, 19, 0]"
927,"[0, 2, 0, 0, 5, 0, 0, 8, 0, 10, 0, 0, 0, 0, 0, 0, 17, 18, 19, 0]"
928,"[1, 2, 0, 0, 5, 0, 7, 0, 0, 0, 11, 0, 0, 14, 0, 0, 0, 18, 0, 0]"
929,"[0, 0, 0, 4, 0, 6, 0, 0, 0, 0, 11, 12, 13, 0, 0, 0, 17, 0, 19, 0]"
930,"[0, 0, 0, 0, 5, 0, 0, 0, 0, 0, 0, 0, 13, 14, 0, 0, 17, 18, 0, 0]"
931,"[1, 0, 0, 4, 0, 6, 0, 0, 0, 10, 11, 12, 0, 14, 0, 16, 0, 18, 0, 20]"
932,"[1, 2, 0, 4, 5, 0, 7, 0, 9, 0, 0, 0, 13, 14, 0, 0, 0, 0, 0, 0]"
933,"[0, 0, 3, 0, 5, 6, 0, 8, 9, 0, 0, 0, 13, 0, 15, 16, 0, 18, 19, 0]"
934,"[0, 2, 0, 0, 5, 0, 0, 8, 9, 0, 11, 12, 0, 0, 15, 16, 0, 0, 0, 0]"
935,"[0, 2, 3, 4, 0, 6, 0, 0, 0, 0, 11, 0, 0, 0, 15, 0, 0, 0, 0, 20]"
936,"[0, 2, 0, 0, 5, 0, 0, 0, 0, 10, 11, 12, 0, 0, 0, 0, 17, 18, 0, 0]"
937,"[0, 0, 3, 0, 0, 0, 0, 0, 0, 10, 0, 12, 0, 0, 0, 16, 0, 0, 19, 20]"
938,"[0, 2, 0, 0, 0, 0, 7, 8, 0, 0, 0, 12, 0, 14, 0, 16, 17, 0, 0, 20]"
939,"[0, 2, 0, 0, 5, 0, 0, 0, 9, 0, 11, 0, 0, 0, 15, 0, 0, 18, 19, 0]"
940,"[0, 2, 0, 4, 0, 6, 0, 0, 0, 10, 11, 0, 13, 14, 0, 16, 0, 18, 19, 20]"
941,"[1, 2, 0, 4, 0, 6, 0, 8, 9, 0, 11, 12, 0, 14, 15, 0, 0, 18, 19, 20]"
942,"[0, 2, 3, 0, 5, 0, 7, 8, 0, 10, 0, 12, 0, 14, 15, 0, 17, 0, 0, 20]"
943,"[1, 0, 0, 0, 0, 0, 0, 0, 0, 0, 11, 12, 13, 0, 15, 0, 0, 0, 0, 0]"
944,"[0, 0, 0, 0, 5, 0, 7, 0, 0, 0, 0, 0, 13, 0, 15, 0, 0, 18, 0, 20]"
945,"[0, 0, 0, 4, 0, 0, 7, 0, 0, 0, 0, 0, 13, 14, 15, 0, 17, 0, 19, 20]"
946,"[0, 0, 3, 0, 5, 6, 0, 8, 0, 0, 0, 0, 0, 14, 0, 0, 0, 0, 0, 0]"
947,"[0, 0, 3, 0, 5, 0, 0, 0, 0, 0, 11, 12, 0, 14, 0, 0, 17, 0, 0, 0]"
948,"[1, 0, 3, 4, 5, 0, 0, 8, 0, 0, 11, 12, 0, 0, 0, 16, 0, 18, 19, 20]"
949,"[1, 0, 3, 0, 0, 0, 0, 8, 9, 10, 0, 0, 0, 14, 0, 0, 0, 0, 19, 0]"
950,"[0, 2, 3, 4, 0, 0, 7, 8, 0, 0, 0, 0, 0, 14, 15, 16, 0, 0, 0, 0]"
951,"[0, 0, 3, 0, 0, 0, 7, 8, 0, 0, 11, 12, 13, 14, 0, 0, 0, 0, 19, 0]"
952,"[0, 0, 0, 0, 5, 0, 0, 8, 9, 0, 11, 0, 0, 0, 0, 0, 17, 0, 0, 0]"
953,"[0, 2, 0, 4, 5, 0, 0, 0, 0, 0, 0, 12, 13, 0, 0, 0, 0, 18, 19, 0]"
954,"[1, 0, 0, 0, 0, 0, 7, 8, 0, 0, 11, 0, 0, 14, 0, 0, 0, 0, 19, 20]"
955,"[0, 0, 0, 0, 5, 0, 0, 8, 9, 0, 11, 0, 0, 0, 15, 16, 17, 0, 0, 0]"
956,"[0, 0, 3, 4, 0, 6, 7, 8, 9, 0, 0, 0, 13, 0, 0, 0, 17, 0, 19, 0]"
957,"[1, 0, 3, 0, 5, 0, 0, 8, 0, 0, 0, 0, 0, 14, 15, 16, 0, 0, 0, 0]"
958,"[1, 2, 0, 4, 0, 6, 7, 0, 0, 10, 11, 12, 13, 0, 0, 16, 0, 18, 0, 0]"
959,"[0, 2, 0, 4, 0, 6, 0, 8, 9, 0, 0, 0, 0, 14, 15, 0, 17, 0, 19, 20]"
960,"[0, 0, 3, 4, 0, 0, 0, 8, 9, 0, 0, 0, 13, 14, 0, 0, 0, 0, 0, 0]"
961,"[0, 2, 0, 4, 0, 0, 7, 0, 0, 10, 0, 12, 0, 14, 15, 0, 0, 0, 19, 20]"
962,"[0, 0, 3, 0, 5, 0, 0, 0, 0, 10, 0, 12, 13, 0, 0, 16, 17, 0, 0, 0]"
963,"[0, 2, 3, 4, 0, 6, 0, 0, 0, 10, 11, 12, 0, 0, 15, 16, 0, 18, 0, 20]"
964,"[1, 0, 0, 0, 0, 0, 7, 8, 0, 0, 0, 12, 13, 0, 15, 16, 17, 0, 0, 0]"
965,"[1, 2, 0, 4, 5, 0, 0, 0, 0, 0, 0, 0, 0, 0, 0, 16, 0, 0, 19, 0]"
966,"[0, 2, 3, 0, 0, 0, 7, 8, 9, 10, 0, 12, 0, 14, 15, 16, 17, 18, 19, 0]"
967,"[0, 0, 0, 0, 5, 6, 7, 0, 0, 10, 11, 12, 13, 14, 0, 16, 0, 18, 0, 20]"
968,"[0, 2, 3, 0, 0, 0, 0, 0, 0, 0, 0, 0, 0, 0, 0, 0, 17, 18, 19, 0]"
969,"[0, 0, 0, 4, 0, 0, 0, 0, 9, 10, 0, 12, 13, 14, 15, 0, 0, 0, 0, 0]"
970,"[0, 2, 0, 0, 5, 0, 0, 0, 0, 10, 0, 12, 13, 0, 15, 0, 17, 0, 19, 20]"
971,"[0, 0, 0, 0, 0, 0, 0, 8, 0, 0, 0, 0, 0, 0, 0, 16, 0, 18, 19, 0]"
972,"[0, 2, 3, 4, 0, 0, 7, 0, 9, 10, 0, 12, 0, 14, 0, 16, 17, 18, 0, 20]"
973,"[0, 0, 0, 0, 0, 6, 7, 0, 9, 0, 0, 0, 13, 0, 0, 0, 17, 0, 0, 0]"
974,"[0, 0, 0, 0, 0, 6, 0, 8, 9, 0, 0, 0, 0, 0, 0, 16, 0, 18, 19, 0]"
975,"[0, 2, 0, 0, 0, 6, 0, 8, 0, 10, 0, 0, 13, 14, 0, 0, 0, 18, 0, 20]"
976,"[0, 2, 0, 4, 0, 0, 0, 0, 9, 10, 11, 0, 0, 0, 0, 0, 0, 0, 0, 0]"
977,"[0, 0, 3, 4, 0, 6, 0, 0, 0, 0, 0, 12, 0, 14, 0, 0, 17, 0, 19, 0]"
978,"[0, 0, 3, 4, 5, 0, 0, 8, 0, 0, 11, 12, 0, 14, 0, 16, 17, 0, 0, 0]"
979,"[0, 2, 0, 0, 0, 0, 0, 0, 9, 10, 11, 0, 13, 0, 15, 16, 0, 0, 0, 0]"
980,"[0, 2, 0, 4, 0, 6, 0, 0, 9, 0, 0, 0, 13, 14, 0, 0, 0, 0, 0, 0]"
981,"[0, 0, 0, 0, 0, 0, 0, 0, 9, 10, 0, 12, 0, 14, 15, 16, 0, 0, 19, 0]"
982,"[1, 2, 0, 4, 0, 6, 0, 0, 9, 10, 0, 12, 13, 0, 15, 16, 0, 0, 0, 20]"
983,"[0, 0, 0, 4, 5, 0, 0, 8, 9, 10, 0, 12, 0, 14, 0, 16, 0, 0, 0, 20]"
984,"[1, 0, 3, 0, 0, 6, 0, 8, 0, 10, 11, 0, 0, 0, 0, 0, 0, 0, 0, 0]"
985,"[0, 0, 0, 0, 5, 0, 0, 8, 0, 10, 0, 0, 13, 0, 0, 0, 0, 18, 0, 0]"
986,"[0, 0, 0, 0, 5, 6, 0, 8, 9, 0, 0, 0, 0, 14, 0, 0, 17, 0, 19, 20]"
987,"[1, 2, 0, 0, 0, 6, 0, 8, 0, 0, 0, 12, 0, 0, 0, 0, 17, 0, 0, 20]"
988,"[1, 0, 3, 4, 5, 0, 0, 0, 0, 10, 0, 12, 13, 0, 0, 16, 17, 0, 19, 0]"
989,"[0, 0, 0, 4, 0, 6, 0, 8, 0, 10, 0, 12, 13, 0, 0, 0, 0, 0, 0, 0]"
990,"[0, 2, 0, 4, 5, 0, 0, 0, 9, 10, 0, 0, 0, 0, 15, 0, 0, 18, 19, 0]"
991,"[1, 0, 0, 0, 0, 0, 7, 8, 0, 0, 11, 0, 0, 0, 15, 0, 0, 0, 0, 0]"
992,"[1, 0, 3, 0, 5, 0, 0, 8, 0, 0, 0, 0, 0, 14, 0, 0, 0, 0, 0, 0]"
993,"[0, 0, 0, 0, 0, 0, 7, 0, 9, 10, 11, 0, 13, 0, 0, 0, 0, 0, 0, 0]"
994,"[1, 0, 0, 0, 0, 0, 0, 0, 9, 10, 11, 0, 0, 14, 15, 16, 0, 0, 0, 0]"
995,"[0, 2, 3, 4, 5, 0, 0, 0, 9, 10, 0, 12, 13, 14, 0, 16, 0, 0, 0, 20]"
996,"[0, 0, 0, 0, 5, 0, 0, 8, 0, 10, 0, 0, 13, 0, 15, 16, 0, 18, 0, 0]"
997,"[0, 2, 0, 0, 0, 0, 7, 8, 0, 10, 0, 0, 13, 0, 0, 16, 0, 18, 19, 20]"
998,"[0, 2, 0, 4, 5, 6, 7, 0, 0, 0, 0, 0, 13, 0, 15, 0, 0, 0, 0, 0]"
999,"[0, 2, 0, 4, 5, 0, 7, 0, 0, 0, 11, 12, 13, 0, 0, 16, 0, 0, 0, 0]"
1000,"[0, 0, 3, 0, 5, 0, 0, 0, 9, 0, 11, 0, 0, 14, 0, 0, 0, 18, 0, 0]"
